{
  "moduleCount": 1,
  "crossEdgeRatio": 0,
  "edgeVisibility": {
    "ratio": 1,
    "avgGap": 118.23248740124802,
    "minGap": 115.45931764345521,
    "invisible": []
  },
  "nodeOverlap": {
    "ratio": 0,
    "maxOverlap": 0,
    "overlapping": []
  },
  "edgeCrossings": {
    "count": 0,
    "ratio": 0,
    "normalised": 0
  },
  "layoutStress": {
    "stress": 0.9224997510696018,
    "perEdge": 0.03294641968105721
  },
  "hubCentrality": {
    "hubs": [],
    "avgNormalised": 0
  },
  "chainLinearity": {
    "ratio": 1.392079179843371,
    "straightness": 0,
    "chains": [
      {
        "ratio": 1.392079179843371,
        "major": 446.9678584569484,
        "minor": 321.0793358084982,
        "stepAngles": [
          33.63037223482818,
          33.47984851092946,
          34.480722061382096,
          35.16570775669931,
          32.490796537352736,
          34.11596277299251
        ],
        "straightness": 0
      }
    ]
  },
  "blobIntegrity": {
    "ratio": 1,
    "violations": [],
    "blobRadii": {}
  },
  "blobSeparation": {
    "minClearance": null,
    "avgClearance": null,
    "separationRatio": null,
    "overlapping": []
  },
  "gestaltProximity": {
    "withinAvg": 300.9516926153938,
    "betweenAvg": null,
    "ratio": 0,
    "cohesion": 1
  },
  "angularResolution": {
    "minAngle": 144.8342922433007,
    "avgMinAngle": 146.10609835430265,
    "poorNodes": []
  },
  "edgeLengthUniformity": {
    "mean": 130.23248740124802,
    "stddev": 1.7623002238922112,
    "cv": 0.013531955497882343,
    "min": 127.45931764345521,
    "max": 132.47415091648173
  },
  "crossModuleEdgeVisibility": {
    "ratio": 1,
    "count": 0,
    "visible": 0
  },
  "nodeSizeVariation": {
    "cv": 0,
    "mean": 6,
    "stddev": 0,
    "min": 6,
    "max": 6
  },
  "prominentNodeVisibility": {
    "ratio": 1,
    "topN": [
      {
        "id": "n0",
        "group": "M",
        "groupPath": [
          "M"
        ],
        "val": 6,
        "x": 235.01939359286905,
        "y": 117.65957180556265,
        "vx": 3.3200221157797217e-7,
        "vy": 0.0000026342476865463787,
        "index": 0
      },
      {
        "id": "n1",
        "group": "M",
        "groupPath": [
          "M"
        ],
        "val": 6,
        "x": 128.52525352268322,
        "y": 188.93895926002796,
        "vx": -4.0853367721151134e-7,
        "vy": 0.0000015189518578820499,
        "index": 1
      },
      {
        "id": "n2",
        "group": "M",
        "groupPath": [
          "M"
        ],
        "val": 6,
        "x": -1.8278786987410292,
        "y": 189.31454485014817,
        "vx": -4.3906426721190894e-7,
        "vy": 5.591864156663148e-7,
        "index": 2
      },
      {
        "id": "n3",
        "group": "M",
        "groupPath": [
          "M"
        ],
        "val": 6,
        "x": -112.054916639162,
        "y": 116.86825108069459,
        "vx": -1.8857961282287912e-7,
        "vy": 6.952643500849784e-8,
        "index": 3
      },
      {
        "id": "n4",
        "group": "M",
        "groupPath": [
          "M"
        ],
        "val": 6,
        "x": -162.11871903197073,
        "y": -5.781723852105849,
        "vx": -2.305181410397855e-7,
        "vy": 1.9417322441560596e-8,
        "index": 4
      }
    ],
    "obscured": []
  },
  "qualityScore": {
    "score": 99.7,
    "components": {
      "edgeVisibility": 1,
      "noOverlap": 1,
      "fewCrossings": 1,
      "lowStress": 0.9835267901594714,
      "gestaltCohesion": 1,
      "blobIntegrity": 1
    },
    "raw": {
      "vis": {
        "ratio": 1,
        "avgGap": 118.23248740124802,
        "minGap": 115.45931764345521,
        "invisible": []
      },
      "ovlp": {
        "ratio": 0,
        "maxOverlap": 0,
        "overlapping": []
      },
      "cross": {
        "count": 0,
        "ratio": 0,
        "normalised": 0
      },
      "stress": {
        "stress": 0.9224997510696018,
        "perEdge": 0.03294641968105721
      },
      "prox": {
        "withinAvg": 300.9516926153938,
        "betweenAvg": null,
        "ratio": 0,
        "cohesion": 1
      },
      "integ": {
        "ratio": 1,
        "violations": [],
        "blobRadii": {}
      }
    }
  }
}