{
  "moduleCount": 1,
  "crossEdgeRatio": 0,
  "edgeVisibility": {
    "ratio": 1,
    "avgGap": 120.36704796843613,
    "minGap": 116.44094449142372,
    "invisible": []
  },
  "nodeOverlap": {
    "ratio": 0,
    "maxOverlap": 0,
    "overlapping": []
  },
  "edgeCrossings": {
    "count": 0,
    "ratio": 0,
    "normalised": 0
  },
  "layoutStress": {
    "stress": 1.9678202946017733,
    "perEdge": 0.04372933988003941
  },
  "hubCentrality": {
    "hubs": [],
    "avgNormalised": 0
  },
  "chainLinearity": {
    "ratio": 1.172098868681724,
    "straightness": 0.75,
    "chains": [
      {
        "ratio": 1.172098868681724,
        "major": 509.77107539454016,
        "minor": 434.9215659323064,
        "stepAngles": [
          28.736924590212347,
          26.046038510558127,
          29.3019990228044,
          32.00803391226881,
          30.868647000584442,
          29.00285003840426,
          26.8732603727521,
          27.39993028549326
        ],
        "straightness": 0.75
      }
    ]
  },
  "blobIntegrity": {
    "ratio": 1,
    "violations": [],
    "blobRadii": {}
  },
  "blobSeparation": {
    "minClearance": null,
    "avgClearance": null,
    "separationRatio": null,
    "overlapping": []
  },
  "gestaltProximity": {
    "withinAvg": 355.8322558074936,
    "betweenAvg": null,
    "ratio": 0,
    "cohesion": 1
  },
  "angularResolution": {
    "minAngle": 147.99196608773119,
    "avgMinAngle": 151.22028953336527,
    "poorNodes": []
  },
  "edgeLengthUniformity": {
    "mean": 132.36704796843617,
    "stddev": 2.48955542072251,
    "cv": 0.018807969649033508,
    "min": 128.44094449142372,
    "max": 134.8988336976309
  },
  "crossModuleEdgeVisibility": {
    "ratio": 1,
    "count": 0,
    "visible": 0
  },
  "nodeSizeVariation": {
    "cv": 0,
    "mean": 6,
    "stddev": 0,
    "min": 6,
    "max": 6
  },
  "prominentNodeVisibility": {
    "ratio": 1,
    "topN": [
      {
        "id": "n0",
        "group": "M",
        "groupPath": [
          "M"
        ],
        "val": 6,
        "x": 281.7695201170682,
        "y": 119.27172548493057,
        "vx": 7.753931403642367e-7,
        "vy": 0.000002903362534809669,
        "index": 0
      },
      {
        "id": "n1",
        "group": "M",
        "groupPath": [
          "M"
        ],
        "val": 6,
        "x": 188.4011030201151,
        "y": 207.55017164770638,
        "vx": -7.28973214255492e-8,
        "vy": 0.0000019771331422728126,
        "index": 1
      },
      {
        "id": "n2",
        "group": "M",
        "groupPath": [
          "M"
        ],
        "val": 6,
        "x": 61.637413247994054,
        "y": 240.7066957543063,
        "vx": -3.3364983885119116e-7,
        "vy": 0.0000010443862286510434,
        "index": 2
      },
      {
        "id": "n3",
        "group": "M",
        "groupPath": [
          "M"
        ],
        "val": 6,
        "x": -69.7720274396636,
        "y": 214.23844434347387,
        "vx": -2.733818724392303e-7,
        "vy": 3.520380045581441e-7,
        "index": 3
      },
      {
        "id": "n4",
        "group": "M",
        "groupPath": [
          "M"
        ],
        "val": 6,
        "x": -172.05875374497433,
        "y": 126.28890793353291,
        "vx": -1.6976003702081748e-7,
        "vy": 9.055993212277787e-8,
        "index": 4
      }
    ],
    "obscured": []
  },
  "qualityScore": {
    "score": 99.6,
    "components": {
      "edgeVisibility": 1,
      "noOverlap": 1,
      "fewCrossings": 1,
      "lowStress": 0.9781353300599803,
      "gestaltCohesion": 1,
      "blobIntegrity": 1
    },
    "raw": {
      "vis": {
        "ratio": 1,
        "avgGap": 120.36704796843613,
        "minGap": 116.44094449142372,
        "invisible": []
      },
      "ovlp": {
        "ratio": 0,
        "maxOverlap": 0,
        "overlapping": []
      },
      "cross": {
        "count": 0,
        "ratio": 0,
        "normalised": 0
      },
      "stress": {
        "stress": 1.9678202946017733,
        "perEdge": 0.04372933988003941
      },
      "prox": {
        "withinAvg": 355.8322558074936,
        "betweenAvg": null,
        "ratio": 0,
        "cohesion": 1
      },
      "integ": {
        "ratio": 1,
        "violations": [],
        "blobRadii": {}
      }
    }
  }
}