{
  "moduleCount": 1,
  "crossEdgeRatio": 0,
  "edgeVisibility": {
    "ratio": 1,
    "avgGap": 112.84378491166939,
    "minGap": 112.78583889704112,
    "invisible": []
  },
  "nodeOverlap": {
    "ratio": 0,
    "maxOverlap": 0,
    "overlapping": []
  },
  "edgeCrossings": {
    "count": 0,
    "ratio": 0,
    "normalised": 0
  },
  "layoutStress": {
    "stress": 0.05797796996864286,
    "perEdge": 0.01932598998954762
  },
  "hubCentrality": {
    "hubs": [],
    "avgNormalised": 0
  },
  "chainLinearity": {
    "ratio": 2.175794523381108,
    "straightness": 0,
    "chains": [
      {
        "ratio": 2.175794523381108,
        "major": 183.8590384461216,
        "minor": 84.50202281068854,
        "stepAngles": [
          85.15609465843137
        ],
        "straightness": 0
      }
    ]
  },
  "blobIntegrity": {
    "ratio": 1,
    "violations": [],
    "blobRadii": {}
  },
  "blobSeparation": {
    "minClearance": null,
    "avgClearance": null,
    "separationRatio": null,
    "overlapping": []
  },
  "gestaltProximity": {
    "withinAvg": 144.51554016910362,
    "betweenAvg": null,
    "ratio": 0,
    "cohesion": 1
  },
  "angularResolution": {
    "minAngle": 94.84390534156861,
    "avgMinAngle": 94.84390534156861,
    "poorNodes": []
  },
  "edgeLengthUniformity": {
    "mean": 124.84378491166939,
    "stddev": 0.05794601462826421,
    "cv": 0.0004641481726083737,
    "min": 124.78583889704112,
    "max": 124.90173092629765
  },
  "crossModuleEdgeVisibility": {
    "ratio": 1,
    "count": 0,
    "visible": 0
  },
  "nodeSizeVariation": {
    "cv": 0,
    "mean": 6,
    "stddev": 0,
    "min": 6,
    "max": 6
  },
  "prominentNodeVisibility": {
    "ratio": 1,
    "topN": [
      {
        "id": "n0",
        "group": "M",
        "groupPath": [
          "M"
        ],
        "val": 6,
        "x": 93.33195777112364,
        "y": 23.190014631016314,
        "vx": 2.168709124585162e-8,
        "vy": 0.0000011331693919910716,
        "index": 0
      },
      {
        "id": "n1",
        "group": "M",
        "groupPath": [
          "M"
        ],
        "val": 6,
        "x": -29.029280606802125,
        "y": 48.25332907674928,
        "vx": -1.4690522530039552e-7,
        "vy": 2.893723463860062e-7,
        "index": 1
      },
      {
        "id": "n2",
        "group": "M",
        "groupPath": [
          "M"
        ],
        "val": 6,
        "x": -64.30267788090853,
        "y": -71.44334186267727,
        "vx": -5.91368870802115e-7,
        "vy": 4.225465956078328e-7,
        "index": 2
      }
    ],
    "obscured": []
  },
  "qualityScore": {
    "score": 99.8,
    "components": {
      "edgeVisibility": 1,
      "noOverlap": 1,
      "fewCrossings": 1,
      "lowStress": 0.9903370050052261,
      "gestaltCohesion": 1,
      "blobIntegrity": 1
    },
    "raw": {
      "vis": {
        "ratio": 1,
        "avgGap": 112.84378491166939,
        "minGap": 112.78583889704112,
        "invisible": []
      },
      "ovlp": {
        "ratio": 0,
        "maxOverlap": 0,
        "overlapping": []
      },
      "cross": {
        "count": 0,
        "ratio": 0,
        "normalised": 0
      },
      "stress": {
        "stress": 0.05797796996864286,
        "perEdge": 0.01932598998954762
      },
      "prox": {
        "withinAvg": 144.51554016910362,
        "betweenAvg": null,
        "ratio": 0,
        "cohesion": 1
      },
      "integ": {
        "ratio": 1,
        "violations": [],
        "blobRadii": {}
      }
    }
  }
}