{
  "moduleCount": 1,
  "crossEdgeRatio": 0,
  "edgeVisibility": {
    "ratio": 1,
    "avgGap": 117.07276936971736,
    "minGap": 115.55564236077382,
    "invisible": []
  },
  "nodeOverlap": {
    "ratio": 0,
    "maxOverlap": 0,
    "overlapping": []
  },
  "edgeCrossings": {
    "count": 0,
    "ratio": 0,
    "normalised": 0
  },
  "layoutStress": {
    "stress": 0.5618095702613435,
    "perEdge": 0.026752836679111595
  },
  "hubCentrality": {
    "hubs": [],
    "avgNormalised": 0
  },
  "chainLinearity": {
    "ratio": 1.449778843398973,
    "straightness": 0,
    "chains": [
      {
        "ratio": 1.449778843398973,
        "major": 397.8664294462368,
        "minor": 274.43249793426986,
        "stepAngles": [
          38.92370992304766,
          35.7476712218662,
          37.14757945327895,
          35.82659948578471,
          37.86909734931387
        ],
        "straightness": 0
      }
    ]
  },
  "blobIntegrity": {
    "ratio": 1,
    "violations": [],
    "blobRadii": {}
  },
  "blobSeparation": {
    "minClearance": null,
    "avgClearance": null,
    "separationRatio": null,
    "overlapping": []
  },
  "gestaltProximity": {
    "withinAvg": 273.42836952648537,
    "betweenAvg": null,
    "ratio": 0,
    "cohesion": 1
  },
  "angularResolution": {
    "minAngle": 141.07629007695235,
    "avgMinAngle": 142.8970685133417,
    "poorNodes": []
  },
  "edgeLengthUniformity": {
    "mean": 129.07276936971735,
    "stddev": 1.1785397225708516,
    "cv": 0.00913081611501672,
    "min": 127.55564236077382,
    "max": 130.46238509267394
  },
  "crossModuleEdgeVisibility": {
    "ratio": 1,
    "count": 0,
    "visible": 0
  },
  "nodeSizeVariation": {
    "cv": 0,
    "mean": 6,
    "stddev": 0,
    "min": 6,
    "max": 6
  },
  "prominentNodeVisibility": {
    "ratio": 1,
    "topN": [
      {
        "id": "n0",
        "group": "M",
        "groupPath": [
          "M"
        ],
        "val": 6,
        "x": 210.1841878717511,
        "y": 113.38802916581577,
        "vx": 1.3643761992632827e-7,
        "vy": 0.0000022166379437109298,
        "index": 0
      },
      {
        "id": "n1",
        "group": "M",
        "groupPath": [
          "M"
        ],
        "val": 6,
        "x": 97.97895489465834,
        "y": 174.15222414723976,
        "vx": -3.940364504218802e-7,
        "vy": 0.0000011023370644513339,
        "index": 1
      },
      {
        "id": "n2",
        "group": "M",
        "groupPath": [
          "M"
        ],
        "val": 6,
        "x": -29.118922545203358,
        "y": 150.62776425403814,
        "vx": -3.2873579581558495e-7,
        "vy": 3.731413263302252e-7,
        "index": 2
      },
      {
        "id": "n3",
        "group": "M",
        "groupPath": [
          "M"
        ],
        "val": 6,
        "x": -119.35499938479818,
        "y": 56.41914349017476,
        "vx": -1.1709423130127771e-7,
        "vy": 5.227998736637399e-8,
        "index": 3
      },
      {
        "id": "n4",
        "group": "M",
        "groupPath": [
          "M"
        ],
        "val": 6,
        "x": -134.39200613992216,
        "y": -73.17376662421192,
        "vx": -3.612850574413119e-7,
        "vy": -5.573285764046868e-9,
        "index": 4
      }
    ],
    "obscured": []
  },
  "qualityScore": {
    "score": 99.7,
    "components": {
      "edgeVisibility": 1,
      "noOverlap": 1,
      "fewCrossings": 1,
      "lowStress": 0.9866235816604442,
      "gestaltCohesion": 1,
      "blobIntegrity": 1
    },
    "raw": {
      "vis": {
        "ratio": 1,
        "avgGap": 117.07276936971736,
        "minGap": 115.55564236077382,
        "invisible": []
      },
      "ovlp": {
        "ratio": 0,
        "maxOverlap": 0,
        "overlapping": []
      },
      "cross": {
        "count": 0,
        "ratio": 0,
        "normalised": 0
      },
      "stress": {
        "stress": 0.5618095702613435,
        "perEdge": 0.026752836679111595
      },
      "prox": {
        "withinAvg": 273.42836952648537,
        "betweenAvg": null,
        "ratio": 0,
        "cohesion": 1
      },
      "integ": {
        "ratio": 1,
        "violations": [],
        "blobRadii": {}
      }
    }
  }
}