{
  "moduleCount": 1,
  "crossEdgeRatio": 0,
  "edgeVisibility": {
    "ratio": 1,
    "avgGap": 122.18863510445003,
    "minGap": 116.44453869350014,
    "invisible": []
  },
  "nodeOverlap": {
    "ratio": 0,
    "maxOverlap": 0,
    "overlapping": []
  },
  "edgeCrossings": {
    "count": 0,
    "ratio": 0,
    "normalised": 0
  },
  "layoutStress": {
    "stress": 3.5444866274477476,
    "perEdge": 0.05370434284011739
  },
  "hubCentrality": {
    "hubs": [],
    "avgNormalised": 0
  },
  "chainLinearity": {
    "ratio": 1.0835621023046647,
    "straightness": 1,
    "chains": [
      {
        "ratio": 1.0835621023046647,
        "major": 588.9569631624715,
        "minor": 543.5378017649373,
        "stepAngles": [
          24.40469865188543,
          22.46883070235498,
          24.707169304433958,
          26.429969921461158,
          28.24151797802179,
          27.443584478907958,
          26.60955669014211,
          25.307269626706077,
          22.297336551394377,
          23.449122219240916
        ],
        "straightness": 1
      }
    ]
  },
  "blobIntegrity": {
    "ratio": 1,
    "violations": [],
    "blobRadii": {}
  },
  "blobSeparation": {
    "minClearance": null,
    "avgClearance": null,
    "separationRatio": null,
    "overlapping": []
  },
  "gestaltProximity": {
    "withinAvg": 409.0951224931499,
    "betweenAvg": null,
    "ratio": 0,
    "cohesion": 1
  },
  "angularResolution": {
    "minAngle": 151.75848202197824,
    "avgMinAngle": 154.8640943875451,
    "poorNodes": []
  },
  "edgeLengthUniformity": {
    "mean": 134.18863510445001,
    "stddev": 3.2389813442430344,
    "cv": 0.024137523581798635,
    "min": 128.44453869350014,
    "max": 137.27483336243077
  },
  "crossModuleEdgeVisibility": {
    "ratio": 1,
    "count": 0,
    "visible": 0
  },
  "nodeSizeVariation": {
    "cv": 0,
    "mean": 6,
    "stddev": 0,
    "min": 6,
    "max": 6
  },
  "prominentNodeVisibility": {
    "ratio": 1,
    "topN": [
      {
        "id": "n0",
        "group": "M",
        "groupPath": [
          "M"
        ],
        "val": 6,
        "x": 327.23023445400975,
        "y": 112.4630779794306,
        "vx": 0.0000012029417694951381,
        "vy": 0.0000032680660121460006,
        "index": 0
      },
      {
        "id": "n1",
        "group": "M",
        "groupPath": [
          "M"
        ],
        "val": 6,
        "x": 246.02703634932712,
        "y": 212.23013470430482,
        "vx": 1.6951039642316966e-7,
        "vy": 0.0000023192488772293608,
        "index": 1
      },
      {
        "id": "n2",
        "group": "M",
        "groupPath": [
          "M"
        ],
        "val": 6,
        "x": 127.74758454439134,
        "y": 271.0789245011781,
        "vx": -2.7301380296849325e-7,
        "vy": 0.0000013818388605594456,
        "index": 2
      },
      {
        "id": "n3",
        "group": "M",
        "groupPath": [
          "M"
        ],
        "val": 6,
        "x": -7.153417165766913,
        "y": 280.472760978884,
        "vx": -3.1554760994775676e-7,
        "vy": 7.677079039304976e-7,
        "index": 3
      },
      {
        "id": "n4",
        "group": "M",
        "groupPath": [
          "M"
        ],
        "val": 6,
        "x": -135.17558337458757,
        "y": 232.03641948428674,
        "vx": -2.9942706858657384e-7,
        "vy": 3.547923537401189e-7,
        "index": 4
      }
    ],
    "obscured": []
  },
  "qualityScore": {
    "score": 99.5,
    "components": {
      "edgeVisibility": 1,
      "noOverlap": 1,
      "fewCrossings": 1,
      "lowStress": 0.9731478285799413,
      "gestaltCohesion": 1,
      "blobIntegrity": 1
    },
    "raw": {
      "vis": {
        "ratio": 1,
        "avgGap": 122.18863510445003,
        "minGap": 116.44453869350014,
        "invisible": []
      },
      "ovlp": {
        "ratio": 0,
        "maxOverlap": 0,
        "overlapping": []
      },
      "cross": {
        "count": 0,
        "ratio": 0,
        "normalised": 0
      },
      "stress": {
        "stress": 3.5444866274477476,
        "perEdge": 0.05370434284011739
      },
      "prox": {
        "withinAvg": 409.0951224931499,
        "betweenAvg": null,
        "ratio": 0,
        "cohesion": 1
      },
      "integ": {
        "ratio": 1,
        "violations": [],
        "blobRadii": {}
      }
    }
  }
}