{
  "moduleCount": 1,
  "crossEdgeRatio": 0,
  "edgeVisibility": {
    "ratio": 1,
    "avgGap": 108.84970753580951,
    "minGap": 98.04581708037337,
    "invisible": []
  },
  "nodeOverlap": {
    "ratio": 0,
    "maxOverlap": 0,
    "overlapping": []
  },
  "edgeCrossings": {
    "count": 1,
    "ratio": 0.16666666666666666,
    "normalised": 0.25
  },
  "layoutStress": {
    "stress": 1.0057670752524595,
    "perEdge": 0.1676278458754099
  },
  "hubCentrality": {
    "hubs": [],
    "avgNormalised": 0
  },
  "chainLinearity": {
    "ratio": 1,
    "straightness": 1,
    "chains": []
  },
  "blobIntegrity": {
    "ratio": 1,
    "violations": [],
    "blobRadii": {}
  },
  "blobSeparation": {
    "minClearance": null,
    "avgClearance": null,
    "separationRatio": null,
    "overlapping": []
  },
  "gestaltProximity": {
    "withinAvg": 107.59235025790743,
    "betweenAvg": null,
    "ratio": 0,
    "cohesion": 1
  },
  "angularResolution": {
    "minAngle": 32.62550537297036,
    "avgMinAngle": 32.62550537297038,
    "poorNodes": []
  },
  "edgeLengthUniformity": {
    "mean": 124.84970753580951,
    "stddev": 10.693799365800535,
    "cv": 0.08565337938603765,
    "min": 114.04581708037337,
    "max": 135.54322208696968
  },
  "crossModuleEdgeVisibility": {
    "ratio": 1,
    "count": 0,
    "visible": 0
  },
  "nodeSizeVariation": {
    "cv": 0.25,
    "mean": 8,
    "stddev": 2,
    "min": 6,
    "max": 10
  },
  "prominentNodeVisibility": {
    "ratio": 1,
    "topN": [
      {
        "id": "droot",
        "group": "M",
        "groupPath": [
          "M"
        ],
        "val": 10,
        "x": 66.15810172014179,
        "y": -14.484468903350809,
        "vx": 3.915373119268568e-8,
        "vy": 1.4462160179670263e-8,
        "index": 0
      },
      {
        "id": "dsink",
        "group": "M",
        "groupPath": [
          "M"
        ],
        "val": 10,
        "x": 14.56251645374399,
        "y": -66.23614927053495,
        "vx": -7.18976253566228e-8,
        "vy": 1.828173398426691e-8,
        "index": 3
      },
      {
        "id": "dmid1",
        "group": "M",
        "groupPath": [
          "M"
        ],
        "val": 6,
        "x": -14.484468903350846,
        "y": 66.15810172014176,
        "vx": 1.4462160179670454e-8,
        "vy": 3.9153731192685614e-8,
        "index": 1
      },
      {
        "id": "dmid2",
        "group": "M",
        "groupPath": [
          "M"
        ],
        "val": 6,
        "x": -66.23614927053492,
        "y": 14.562516453744012,
        "vx": 1.8281733984266782e-8,
        "vy": -7.189762535662292e-8,
        "index": 2
      }
    ],
    "obscured": []
  },
  "qualityScore": {
    "score": 94.6,
    "components": {
      "edgeVisibility": 1,
      "noOverlap": 1,
      "fewCrossings": 0.75,
      "lowStress": 0.916186077062295,
      "gestaltCohesion": 1,
      "blobIntegrity": 1
    },
    "raw": {
      "vis": {
        "ratio": 1,
        "avgGap": 108.84970753580951,
        "minGap": 98.04581708037337,
        "invisible": []
      },
      "ovlp": {
        "ratio": 0,
        "maxOverlap": 0,
        "overlapping": []
      },
      "cross": {
        "count": 1,
        "ratio": 0.16666666666666666,
        "normalised": 0.25
      },
      "stress": {
        "stress": 1.0057670752524595,
        "perEdge": 0.1676278458754099
      },
      "prox": {
        "withinAvg": 107.59235025790743,
        "betweenAvg": null,
        "ratio": 0,
        "cohesion": 1
      },
      "integ": {
        "ratio": 1,
        "violations": [],
        "blobRadii": {}
      }
    }
  }
}