{
  "moduleCount": 1,
  "crossEdgeRatio": 0,
  "nodeList": [
    {
      "x": 67.70490524554887,
      "y": -12.877686570988214,
      "g": "M"
    },
    {
      "x": -12.87768657098822,
      "y": 67.70490524554887,
      "g": "M"
    },
    {
      "x": -67.79349179510027,
      "y": 12.966273120539617,
      "g": "M"
    },
    {
      "x": 12.96627312053962,
      "y": -67.79349179510027,
      "g": "M"
    }
  ],
  "degreeDist": {
    "values": [
      2,
      2,
      2,
      2
    ],
    "mean": 2,
    "max": 2,
    "gini": 0
  },
  "chainNodePos": [],
  "edgeAngles": [
    135,
    169.20152673320575,
    -79.20152673320575,
    -44.99999999999999
  ],
  "edgeVisibility": {
    "ratio": 1,
    "avgGap": 102.01364881760774,
    "minGap": 89.96099423812194,
    "invisible": []
  },
  "nodeOverlap": {
    "ratio": 0,
    "maxOverlap": 0,
    "overlapping": []
  },
  "edgeCrossings": {
    "count": 1,
    "ratio": 0.16666666666666666,
    "normalised": 0.25
  },
  "layoutStress": {
    "stress": 0.9660256024616907,
    "perEdge": 0.16100426707694845
  },
  "intraModuleStress": {
    "stress": 0.9660256024616907,
    "perEdge": 0.16100426707694845
  },
  "hubCentrality": {
    "hubs": [],
    "avgNormalised": 0
  },
  "chainLinearity": {
    "ratio": 1,
    "straightness": 1,
    "chains": []
  },
  "blobIntegrity": {
    "ratio": 1,
    "violations": [],
    "blobRadii": {}
  },
  "blobSeparation": {
    "minClearance": null,
    "avgClearance": null,
    "separationRatio": null,
    "overlapping": []
  },
  "gestaltProximity": {
    "withinAvg": 109.85493169404212,
    "betweenAvg": null,
    "ratio": 0,
    "cohesion": 1
  },
  "angularResolution": {
    "minAngle": 34.20152673320574,
    "avgMinAngle": 34.201526733205746,
    "poorNodes": []
  },
  "edgeLengthUniformity": {
    "mean": 126.01364881760774,
    "stddev": 11.927703248488728,
    "cv": 0.09465405819454442,
    "min": 113.96099423812194,
    "max": 137.94102309727413
  },
  "crossModuleEdgeVisibility": {
    "ratio": 1,
    "count": 0,
    "visible": 0
  },
  "nodeSizeVariation": {
    "cv": 0,
    "mean": 12,
    "stddev": 0,
    "min": 12,
    "max": 12
  },
  "prominentNodeVisibility": {
    "ratio": 1,
    "topN": [
      {
        "id": "droot",
        "group": "M",
        "groupPath": [
          "M"
        ],
        "val": 12,
        "x": 67.70490524554887,
        "y": -12.877686570988214,
        "vx": 3.2741161260984933e-10,
        "vy": 1.0525164654184134e-10,
        "index": 0
      },
      {
        "id": "dmid1",
        "group": "M",
        "groupPath": [
          "M"
        ],
        "val": 12,
        "x": -12.87768657098822,
        "y": 67.70490524554887,
        "vx": 1.0525164654183836e-10,
        "vy": 3.2741161260984737e-10,
        "index": 1
      },
      {
        "id": "dmid2",
        "group": "M",
        "groupPath": [
          "M"
        ],
        "val": 12,
        "x": -67.79349179510027,
        "y": 12.966273120539617,
        "vx": 1.93774393110751e-10,
        "vy": -6.264376522624427e-10,
        "index": 2
      },
      {
        "id": "dsink",
        "group": "M",
        "groupPath": [
          "M"
        ],
        "val": 12,
        "x": 12.96627312053962,
        "y": -67.79349179510027,
        "vx": -6.264376522624431e-10,
        "vy": 1.9377439311075596e-10,
        "index": 3
      }
    ],
    "obscured": []
  },
  "qualityScore": {
    "score": 94.6,
    "components": {
      "edgeVisibility": 1,
      "noOverlap": 1,
      "fewCrossings": 0.75,
      "lowStress": 0.9194978664615258,
      "gestaltCohesion": 1,
      "blobIntegrity": 1
    },
    "raw": {
      "vis": {
        "ratio": 1,
        "avgGap": 102.01364881760774,
        "minGap": 89.96099423812194,
        "invisible": []
      },
      "ovlp": {
        "ratio": 0,
        "maxOverlap": 0,
        "overlapping": []
      },
      "cross": {
        "count": 1,
        "ratio": 0.16666666666666666,
        "normalised": 0.25
      },
      "stress": {
        "stress": 0.9660256024616907,
        "perEdge": 0.16100426707694845
      },
      "prox": {
        "withinAvg": 109.85493169404212,
        "betweenAvg": null,
        "ratio": 0,
        "cohesion": 1
      },
      "integ": {
        "ratio": 1,
        "violations": [],
        "blobRadii": {}
      }
    }
  },
  "blobEdgeRouting": {
    "ratio": 1,
    "violatingPairs": 0,
    "totalPairs": 0
  },
  "interModuleCrossings": {
    "crossingPairs": 0,
    "totalPairs": 0,
    "ratio": 0,
    "weightedRatio": 0
  }
}