{
  "moduleCount": 5,
  "crossEdgeRatio": 0.25,
  "edgeVisibility": {
    "ratio": 1,
    "avgGap": 121.99469920689113,
    "minGap": 113.1871162504059,
    "invisible": []
  },
  "nodeOverlap": {
    "ratio": 0,
    "maxOverlap": 0,
    "overlapping": []
  },
  "edgeCrossings": {
    "count": 0,
    "ratio": 0,
    "normalised": 0
  },
  "layoutStress": {
    "stress": 7.964044618980893,
    "perEdge": 0.058559151610153626
  },
  "hubCentrality": {
    "hubs": [
      {
        "nodeId": "ahub",
        "error": 35.78354378717513,
        "normalised": 0.2612958092586992
      }
    ],
    "avgNormalised": 0.2612958092586992
  },
  "chainLinearity": {
    "ratio": 35.128100876014614,
    "straightness": 1,
    "chains": [
      {
        "ratio": 13.19174716891196,
        "major": 273.7212794903306,
        "minor": 20.749433413595874,
        "stepAngles": [
          17.043919864385792
        ],
        "straightness": 1
      },
      {
        "ratio": 42.1009898986589,
        "major": 270.60642918863414,
        "minor": 6.4275550251908475,
        "stepAngles": [
          5.390803736189719
        ],
        "straightness": 1
      },
      {
        "ratio": 61.60810387193562,
        "major": 270.29767958673494,
        "minor": 4.387372157218165,
        "stepAngles": [
          3.6860889045123497
        ],
        "straightness": 1
      },
      {
        "ratio": 23.611562564551967,
        "major": 277.2592592464155,
        "minor": 11.742520576027644,
        "stepAngles": [
          9.570253967791391
        ],
        "straightness": 1
      }
    ]
  },
  "blobIntegrity": {
    "ratio": 1,
    "violations": [],
    "blobRadii": {}
  },
  "blobSeparation": {
    "minClearance": 26.719668538594533,
    "avgClearance": 121.96554360438824,
    "separationRatio": 0.09639605293803571,
    "overlapping": []
  },
  "gestaltProximity": {
    "withinAvg": 152.02780035112082,
    "betweenAvg": 376.6455218439992,
    "ratio": 0.4036362880589044,
    "cohesion": 0.5963637119410956
  },
  "angularResolution": {
    "minAngle": 27.80457177204815,
    "avgMinAngle": 158.1002466006846,
    "poorNodes": []
  },
  "edgeLengthUniformity": {
    "mean": 136.9946992068911,
    "stddev": 5.303322281702782,
    "cv": 0.03871187945523088,
    "min": 131.13244525060645,
    "max": 145.1140302780597
  },
  "crossModuleEdgeVisibility": {
    "ratio": 1,
    "count": 4,
    "visible": 4
  },
  "nodeSizeVariation": {
    "cv": 0.2222222222222221,
    "mean": 6.352941176470588,
    "stddev": 1.4117647058823521,
    "min": 6,
    "max": 12
  },
  "prominentNodeVisibility": {
    "ratio": 1,
    "topN": [
      {
        "id": "ahub",
        "group": "A",
        "groupPath": [
          "A"
        ],
        "val": 12,
        "x": 33.408739769430596,
        "y": 0.19210785095486582,
        "vx": -0.000001117945550011386,
        "vy": 5.459100522049391e-8,
        "index": 0
      },
      {
        "id": "as0",
        "group": "A",
        "groupPath": [
          "A"
        ],
        "val": 6,
        "x": 164.12287618284998,
        "y": 26.512300073894423,
        "vx": -0.0000011517461307205086,
        "vy": 1.8127465039087951e-7,
        "index": 1
      },
      {
        "id": "as1",
        "group": "A",
        "groupPath": [
          "A"
        ],
        "val": 6,
        "x": 133.28909011974872,
        "y": 85.53596884175947,
        "vx": -0.000001295661519100737,
        "vy": 1.8908887924411703e-7,
        "index": 2
      },
      {
        "id": "as2",
        "group": "A",
        "groupPath": [
          "A"
        ],
        "val": 6,
        "x": 125.65328982059519,
        "y": -93.08705625312415,
        "vx": -0.000001198355719311648,
        "vy": 2.7173705155371794e-8,
        "index": 3
      },
      {
        "id": "as3",
        "group": "A",
        "groupPath": [
          "A"
        ],
        "val": 6,
        "x": 161.22871933780905,
        "y": -37.475614616585084,
        "vx": -0.0000011613340047684398,
        "vy": 9.305349860990482e-8,
        "index": 4
      }
    ],
    "obscured": []
  },
  "qualityScore": {
    "score": 95.4,
    "components": {
      "edgeVisibility": 1,
      "noOverlap": 1,
      "fewCrossings": 1,
      "lowStress": 0.9707204241949232,
      "gestaltCohesion": 0.5963637119410956,
      "blobIntegrity": 1
    },
    "raw": {
      "vis": {
        "ratio": 1,
        "avgGap": 121.99469920689113,
        "minGap": 113.1871162504059,
        "invisible": []
      },
      "ovlp": {
        "ratio": 0,
        "maxOverlap": 0,
        "overlapping": []
      },
      "cross": {
        "count": 0,
        "ratio": 0,
        "normalised": 0
      },
      "stress": {
        "stress": 7.964044618980893,
        "perEdge": 0.058559151610153626
      },
      "prox": {
        "withinAvg": 152.02780035112082,
        "betweenAvg": 376.6455218439992,
        "ratio": 0.4036362880589044,
        "cohesion": 0.5963637119410956
      },
      "integ": {
        "ratio": 1,
        "violations": [],
        "blobRadii": {}
      }
    }
  }
}