{
  "moduleCount": 4,
  "crossEdgeRatio": 0.2,
  "edgeVisibility": {
    "ratio": 1,
    "avgGap": 124.75780292481977,
    "minGap": 113.74097820940402,
    "invisible": []
  },
  "nodeOverlap": {
    "ratio": 0,
    "maxOverlap": 0,
    "overlapping": []
  },
  "edgeCrossings": {
    "count": 0,
    "ratio": 0,
    "normalised": 0
  },
  "layoutStress": {
    "stress": 3.477223867919161,
    "perEdge": 0.01830117825220611
  },
  "hubCentrality": {
    "hubs": [
      {
        "nodeId": "a2",
        "error": 29.81484151451868,
        "normalised": 0.21007240712694383
      },
      {
        "nodeId": "c2",
        "error": 18.85740172940994,
        "normalised": 0.13181523514797058
      }
    ],
    "avgNormalised": 0.1709438211374572
  },
  "chainLinearity": {
    "ratio": 7.365041671233789,
    "straightness": 0.4,
    "chains": [
      {
        "ratio": 7.365041671233789,
        "major": 674.9091090472027,
        "minor": 91.63683508855723,
        "stepAngles": [
          62.55704035628029,
          3.662202609662595,
          53.36079636034772,
          24.116034315906308,
          48.34913477693185
        ],
        "straightness": 0.4
      }
    ]
  },
  "blobIntegrity": {
    "ratio": 1,
    "violations": [],
    "blobRadii": {}
  },
  "blobSeparation": {
    "minClearance": -29.39321621267203,
    "avgClearance": 151.92334091570942,
    "separationRatio": -0.0704867386492474,
    "overlapping": [
      [
        "A",
        "B"
      ],
      [
        "A",
        "C"
      ]
    ]
  },
  "gestaltProximity": {
    "withinAvg": 233.31904631231276,
    "betweenAvg": 617.66376653128,
    "ratio": 0.3777444282066316,
    "cohesion": 0.6222555717933684
  },
  "angularResolution": {
    "minAngle": 65.2003591221817,
    "avgMinAngle": 140.83146136452885,
    "poorNodes": []
  },
  "edgeLengthUniformity": {
    "mean": 136.75780292481977,
    "stddev": 5.641758058192941,
    "cv": 0.04125364650157768,
    "min": 125.74097820940402,
    "max": 146.642214617373
  },
  "crossModuleEdgeVisibility": {
    "ratio": 1,
    "count": 4,
    "visible": 4
  },
  "nodeSizeVariation": {
    "cv": 0,
    "mean": 6,
    "stddev": 0,
    "min": 6,
    "max": 6
  },
  "prominentNodeVisibility": {
    "ratio": 1,
    "topN": [
      {
        "id": "a0",
        "group": "A",
        "groupPath": [
          "A"
        ],
        "val": 6,
        "x": 340.8149374975196,
        "y": -13.263916361847622,
        "vx": -2.690829029087483e-7,
        "vy": -0.0000014792338988440415,
        "index": 0
      },
      {
        "id": "a1",
        "group": "A",
        "groupPath": [
          "A"
        ],
        "val": 6,
        "x": 208.2537292992966,
        "y": -8.473591209110731,
        "vx": -1.7866122176463736e-7,
        "vy": -1.6597207612186576e-7,
        "index": 1
      },
      {
        "id": "a2",
        "group": "A",
        "groupPath": [
          "A"
        ],
        "val": 6,
        "x": 80.63799945550612,
        "y": 38.11592602520854,
        "vx": 1.3592214142786096e-7,
        "vy": 7.294313692839574e-7,
        "index": 2
      },
      {
        "id": "a3",
        "group": "A",
        "groupPath": [
          "A"
        ],
        "val": 6,
        "x": 181.69878479461957,
        "y": 139.68741164716488,
        "vx": -2.57965412433915e-7,
        "vy": 0.0000011729915861458013,
        "index": 3
      },
      {
        "id": "a4",
        "group": "A",
        "groupPath": [
          "A"
        ],
        "val": 6,
        "x": 257.19190083652404,
        "y": 260.9634717992684,
        "vx": -4.068319148738869e-7,
        "vy": 0.000001551331730717598,
        "index": 4
      }
    ],
    "obscured": []
  },
  "qualityScore": {
    "score": 96,
    "components": {
      "edgeVisibility": 1,
      "noOverlap": 1,
      "fewCrossings": 1,
      "lowStress": 0.990849410873897,
      "gestaltCohesion": 0.6222555717933684,
      "blobIntegrity": 1
    },
    "raw": {
      "vis": {
        "ratio": 1,
        "avgGap": 124.75780292481977,
        "minGap": 113.74097820940402,
        "invisible": []
      },
      "ovlp": {
        "ratio": 0,
        "maxOverlap": 0,
        "overlapping": []
      },
      "cross": {
        "count": 0,
        "ratio": 0,
        "normalised": 0
      },
      "stress": {
        "stress": 3.477223867919161,
        "perEdge": 0.01830117825220611
      },
      "prox": {
        "withinAvg": 233.31904631231276,
        "betweenAvg": 617.66376653128,
        "ratio": 0.3777444282066316,
        "cohesion": 0.6222555717933684
      },
      "integ": {
        "ratio": 1,
        "violations": [],
        "blobRadii": {}
      }
    }
  }
}