{
  "moduleCount": 2,
  "crossEdgeRatio": 0.14285714285714285,
  "edgeVisibility": {
    "ratio": 1,
    "avgGap": 114.85084556120668,
    "minGap": 110.13946260157874,
    "invisible": []
  },
  "nodeOverlap": {
    "ratio": 0,
    "maxOverlap": 0,
    "overlapping": []
  },
  "edgeCrossings": {
    "count": 0,
    "ratio": 0,
    "normalised": 0
  },
  "layoutStress": {
    "stress": 7.830916725639343,
    "perEdge": 0.08605402995208068
  },
  "hubCentrality": {
    "hubs": [
      {
        "nodeId": "asink",
        "error": 31.570223812863293,
        "normalised": 0.2367403848009727
      },
      {
        "nodeId": "b2",
        "error": 35.326653680466606,
        "normalised": 0.26207838203934125
      }
    ],
    "avgNormalised": 0.24940938342015698
  },
  "chainLinearity": {
    "ratio": 1,
    "straightness": 1,
    "chains": []
  },
  "blobIntegrity": {
    "ratio": 1,
    "violations": [],
    "blobRadii": {}
  },
  "blobSeparation": {
    "minClearance": -62.78755051666758,
    "avgClearance": -62.78755051666758,
    "separationRatio": -0.1815821747032647,
    "overlapping": [
      [
        "A",
        "B"
      ]
    ]
  },
  "gestaltProximity": {
    "withinAvg": 159.83927769467718,
    "betweenAvg": 310.17334817940235,
    "ratio": 0.5153224112673508,
    "cohesion": 0.4846775887326492
  },
  "angularResolution": {
    "minAngle": 24.453627195255482,
    "avgMinAngle": 90.47067351243872,
    "poorNodes": []
  },
  "edgeLengthUniformity": {
    "mean": 132.5651312754924,
    "stddev": 3.07036109591045,
    "cv": 0.023161151551456836,
    "min": 124.85130393411355,
    "max": 137.2270824644025
  },
  "crossModuleEdgeVisibility": {
    "ratio": 1,
    "count": 2,
    "visible": 2
  },
  "nodeSizeVariation": {
    "cv": 0.31352619786643376,
    "mean": 6.571428571428571,
    "stddev": 2.0603150145508504,
    "min": 6,
    "max": 14
  },
  "prominentNodeVisibility": {
    "ratio": 1,
    "topN": [
      {
        "id": "asink",
        "group": "A",
        "groupPath": [
          "A"
        ],
        "val": 14,
        "x": 40.30135568594848,
        "y": 3.7353244588188237,
        "vx": -0.0000013805191508925188,
        "vy": -1.724058563927735e-7,
        "index": 0
      },
      {
        "id": "asrc0",
        "group": "A",
        "groupPath": [
          "A"
        ],
        "val": 6,
        "x": 171.89218923387037,
        "y": 33.72705519129008,
        "vx": -0.000001424722272254306,
        "vy": -8.568068420399181e-8,
        "index": 1
      },
      {
        "id": "asrc1",
        "group": "A",
        "groupPath": [
          "A"
        ],
        "val": 6,
        "x": 147.21287051542254,
        "y": 85.15933223069112,
        "vx": -0.0000016199530017731791,
        "vy": 2.0382404360349696e-7,
        "index": 2
      },
      {
        "id": "asrc2",
        "group": "A",
        "groupPath": [
          "A"
        ],
        "val": 6,
        "x": 99.45329641231473,
        "y": 123.30595306587273,
        "vx": -0.000001804130662998441,
        "vy": -3.638537277136841e-8,
        "index": 3
      },
      {
        "id": "asrc3",
        "group": "A",
        "groupPath": [
          "A"
        ],
        "val": 6,
        "x": 34.43929437435539,
        "y": 135.62634232943458,
        "vx": -0.0000017509814757955472,
        "vy": -2.989621936843136e-7,
        "index": 4
      }
    ],
    "obscured": []
  },
  "qualityScore": {
    "score": 94,
    "components": {
      "edgeVisibility": 1,
      "noOverlap": 1,
      "fewCrossings": 1,
      "lowStress": 0.9569729850239597,
      "gestaltCohesion": 0.4846775887326492,
      "blobIntegrity": 1
    },
    "raw": {
      "vis": {
        "ratio": 1,
        "avgGap": 114.85084556120668,
        "minGap": 110.13946260157874,
        "invisible": []
      },
      "ovlp": {
        "ratio": 0,
        "maxOverlap": 0,
        "overlapping": []
      },
      "cross": {
        "count": 0,
        "ratio": 0,
        "normalised": 0
      },
      "stress": {
        "stress": 7.830916725639343,
        "perEdge": 0.08605402995208068
      },
      "prox": {
        "withinAvg": 159.83927769467718,
        "betweenAvg": 310.17334817940235,
        "ratio": 0.5153224112673508,
        "cohesion": 0.4846775887326492
      },
      "integ": {
        "ratio": 1,
        "violations": [],
        "blobRadii": {}
      }
    }
  }
}