{
  "moduleCount": 1,
  "crossEdgeRatio": 0,
  "edgeVisibility": {
    "ratio": 1,
    "avgGap": 108.43588290782418,
    "minGap": 107.71512200482034,
    "invisible": []
  },
  "nodeOverlap": {
    "ratio": 0,
    "maxOverlap": 0,
    "overlapping": []
  },
  "edgeCrossings": {
    "count": 0,
    "ratio": 0,
    "normalised": 0
  },
  "layoutStress": {
    "stress": 0.6295542220172072,
    "perEdge": 0.06295542220172072
  },
  "hubCentrality": {
    "hubs": [
      {
        "nodeId": "hhub",
        "error": 50.65975229798789,
        "normalised": 0.4006754343220783
      }
    ],
    "avgNormalised": 0.4006754343220783
  },
  "chainLinearity": {
    "ratio": 1,
    "straightness": 1,
    "chains": []
  },
  "blobIntegrity": {
    "ratio": 1,
    "violations": [],
    "blobRadii": {}
  },
  "blobSeparation": {
    "minClearance": null,
    "avgClearance": null,
    "separationRatio": null,
    "overlapping": []
  },
  "gestaltProximity": {
    "withinAvg": 159.89296344595172,
    "betweenAvg": null,
    "ratio": 0,
    "cohesion": 1
  },
  "angularResolution": {
    "minAngle": 57.096891831119656,
    "avgMinAngle": 57.096891831119656,
    "poorNodes": []
  },
  "edgeLengthUniformity": {
    "mean": 126.43588290782418,
    "stddev": 0.6839998237556141,
    "cv": 0.005409855240654047,
    "min": 125.71512200482034,
    "max": 127.4050558030411
  },
  "crossModuleEdgeVisibility": {
    "ratio": 1,
    "count": 0,
    "visible": 0
  },
  "nodeSizeVariation": {
    "cv": 0.33333333333333337,
    "mean": 7.2,
    "stddev": 2.4000000000000004,
    "min": 6,
    "max": 12
  },
  "prominentNodeVisibility": {
    "ratio": 1,
    "topN": [
      {
        "id": "hhub",
        "group": "M",
        "groupPath": [
          "M"
        ],
        "val": 12,
        "x": 40.41057863693108,
        "y": -3.0802498509897154,
        "vx": 5.514555461330663e-7,
        "vy": -1.6258728099884662e-8,
        "index": 0
      },
      {
        "id": "hs0",
        "group": "M",
        "groupPath": [
          "M"
        ],
        "val": 6,
        "x": 58.358077000192125,
        "y": 121.34715550324728,
        "vx": 0.0000015830225048953386,
        "vy": -1.7456917670067975e-7,
        "index": 1
      },
      {
        "id": "hs1",
        "group": "M",
        "groupPath": [
          "M"
        ],
        "val": 6,
        "x": -66.69498913872779,
        "y": 65.91573260907646,
        "vx": 7.984382244869709e-7,
        "vy": 3.260975841084305e-7,
        "index": 2
      },
      {
        "id": "hs2",
        "group": "M",
        "groupPath": [
          "M"
        ],
        "val": 6,
        "x": -75.10139848039093,
        "y": -55.25482989616988,
        "vx": 7.316313086433084e-7,
        "vy": -3.7380472920339466e-7,
        "index": 3
      },
      {
        "id": "hs3",
        "group": "M",
        "groupPath": [
          "M"
        ],
        "val": 6,
        "x": 43.02773710197694,
        "y": -128.92780861166665,
        "vx": 0.0000014554338621568498,
        "vy": -7.967419339118495e-9,
        "index": 4
      }
    ],
    "obscured": []
  },
  "qualityScore": {
    "score": 99.4,
    "components": {
      "edgeVisibility": 1,
      "noOverlap": 1,
      "fewCrossings": 1,
      "lowStress": 0.9685222888991396,
      "gestaltCohesion": 1,
      "blobIntegrity": 1
    },
    "raw": {
      "vis": {
        "ratio": 1,
        "avgGap": 108.43588290782418,
        "minGap": 107.71512200482034,
        "invisible": []
      },
      "ovlp": {
        "ratio": 0,
        "maxOverlap": 0,
        "overlapping": []
      },
      "cross": {
        "count": 0,
        "ratio": 0,
        "normalised": 0
      },
      "stress": {
        "stress": 0.6295542220172072,
        "perEdge": 0.06295542220172072
      },
      "prox": {
        "withinAvg": 159.89296344595172,
        "betweenAvg": null,
        "ratio": 0,
        "cohesion": 1
      },
      "integ": {
        "ratio": 1,
        "violations": [],
        "blobRadii": {}
      }
    }
  }
}