{
  "moduleCount": 1,
  "crossEdgeRatio": 0,
  "nodeList": [
    {
      "x": -1.5178952064520863e-8,
      "y": 6.127893542954928e-10,
      "g": "M"
    },
    {
      "x": 64.62810307721516,
      "y": 107.86422863923016,
      "g": "M"
    },
    {
      "x": -127.0634346635106,
      "y": 1.2139907700226544,
      "g": "M"
    },
    {
      "x": 62.43533161610359,
      "y": -109.07821941034906,
      "g": "M"
    }
  ],
  "degreeDist": {
    "values": [
      3,
      1,
      1,
      1
    ],
    "mean": 1.5,
    "max": 3,
    "gini": 0.25
  },
  "chainNodePos": [],
  "edgeAngles": [
    59.071577977859874,
    179.45260073189792,
    -60.21359005037344
  ],
  "edgeVisibility": {
    "ratio": 1,
    "avgGap": 102.16533454356933,
    "minGap": 101.68304812413712,
    "invisible": []
  },
  "nodeOverlap": {
    "ratio": 0,
    "maxOverlap": 0,
    "overlapping": []
  },
  "edgeCrossings": {
    "count": 0,
    "ratio": 0,
    "normalised": 0
  },
  "layoutStress": {
    "stress": 0.03208877540635579,
    "perEdge": 0.005348129234392631
  },
  "intraModuleStress": {
    "stress": 0.03208877540635579,
    "perEdge": 0.005348129234392631
  },
  "hubCentrality": {
    "hubs": [
      {
        "nodeId": "hhub",
        "error": 2.5134042064084798e-8,
        "normalised": 1.9921511843972585e-10
      }
    ],
    "avgNormalised": 1.9921511843972585e-10
  },
  "chainLinearity": {
    "ratio": 1,
    "straightness": 1,
    "chains": []
  },
  "blobIntegrity": {
    "ratio": 1,
    "violations": [],
    "blobRadii": {}
  },
  "blobSeparation": {
    "minClearance": null,
    "avgClearance": null,
    "separationRatio": null,
    "overlapping": []
  },
  "gestaltProximity": {
    "withinAvg": 172.34504200891737,
    "betweenAvg": null,
    "ratio": 0,
    "cohesion": 1
  },
  "angularResolution": {
    "minAngle": 119.28516802823331,
    "avgMinAngle": 119.28516802823331,
    "poorNodes": []
  },
  "edgeLengthUniformity": {
    "mean": 126.16533454356933,
    "stddev": 0.6396331359890206,
    "cv": 0.00506980097427739,
    "min": 125.68304812413712,
    "max": 127.0692338775168
  },
  "crossModuleEdgeVisibility": {
    "ratio": 1,
    "count": 0,
    "visible": 0
  },
  "nodeSizeVariation": {
    "cv": 0.34641016151377546,
    "mean": 10,
    "stddev": 3.4641016151377544,
    "min": 8,
    "max": 16
  },
  "prominentNodeVisibility": {
    "ratio": 1,
    "topN": [
      {
        "id": "hhub",
        "group": "M",
        "groupPath": [
          "M"
        ],
        "val": 16,
        "x": -1.5178952064520863e-8,
        "y": 6.127893542954928e-10,
        "vx": -2.3289523721648937e-9,
        "vy": 1.1228982984948275e-10,
        "index": 0
      },
      {
        "id": "hs0",
        "group": "M",
        "groupPath": [
          "M"
        ],
        "val": 8,
        "x": 64.62810307721516,
        "y": 107.86422863923016,
        "vx": 3.4391968176211578e-9,
        "vy": -5.188257210930827e-11,
        "index": 1
      },
      {
        "id": "hs1",
        "group": "M",
        "groupPath": [
          "M"
        ],
        "val": 8,
        "x": -127.0634346635106,
        "y": 1.2139907700226544,
        "vx": 3.5018323277257897e-9,
        "vy": -2.9454386696475766e-11,
        "index": 2
      },
      {
        "id": "hs2",
        "group": "M",
        "groupPath": [
          "M"
        ],
        "val": 8,
        "x": 62.43533161610359,
        "y": -109.07821941034906,
        "vx": 3.5921046637717667e-9,
        "vy": -2.641821741908355e-10,
        "index": 3
      }
    ],
    "obscured": []
  },
  "qualityScore": {
    "score": 99.9,
    "components": {
      "edgeVisibility": 1,
      "noOverlap": 1,
      "fewCrossings": 1,
      "lowStress": 0.9973259353828037,
      "gestaltCohesion": 1,
      "blobIntegrity": 1
    },
    "raw": {
      "vis": {
        "ratio": 1,
        "avgGap": 102.16533454356933,
        "minGap": 101.68304812413712,
        "invisible": []
      },
      "ovlp": {
        "ratio": 0,
        "maxOverlap": 0,
        "overlapping": []
      },
      "cross": {
        "count": 0,
        "ratio": 0,
        "normalised": 0
      },
      "stress": {
        "stress": 0.03208877540635579,
        "perEdge": 0.005348129234392631
      },
      "prox": {
        "withinAvg": 172.34504200891737,
        "betweenAvg": null,
        "ratio": 0,
        "cohesion": 1
      },
      "integ": {
        "ratio": 1,
        "violations": [],
        "blobRadii": {}
      }
    }
  },
  "blobEdgeRouting": {
    "ratio": 1,
    "violatingPairs": 0,
    "totalPairs": 0
  },
  "interModuleCrossings": {
    "crossingPairs": 0,
    "totalPairs": 0,
    "ratio": 0,
    "weightedRatio": 0
  }
}