{
  "moduleCount": 1,
  "crossEdgeRatio": 0,
  "edgeVisibility": {
    "ratio": 1,
    "avgGap": 121.37976733766877,
    "minGap": 121.00311356378967,
    "invisible": []
  },
  "nodeOverlap": {
    "ratio": 0,
    "maxOverlap": 0,
    "overlapping": []
  },
  "edgeCrossings": {
    "count": 0,
    "ratio": 0,
    "normalised": 0
  },
  "layoutStress": {
    "stress": 30.300731354646423,
    "perEdge": 0.14428919692688774
  },
  "hubCentrality": {
    "hubs": [
      {
        "nodeId": "hhub",
        "error": 3.439097740767754,
        "normalised": 0.024674296753818034
      }
    ],
    "avgNormalised": 0.024674296753818034
  },
  "chainLinearity": {
    "ratio": 1,
    "straightness": 1,
    "chains": []
  },
  "blobIntegrity": {
    "ratio": 1,
    "violations": [],
    "blobRadii": {}
  },
  "blobSeparation": {
    "minClearance": null,
    "avgClearance": null,
    "separationRatio": null,
    "overlapping": []
  },
  "gestaltProximity": {
    "withinAvg": 181.87253397582884,
    "betweenAvg": null,
    "ratio": 0,
    "cohesion": 1
  },
  "angularResolution": {
    "minAngle": 17.298590946755144,
    "avgMinAngle": 17.298590946755144,
    "poorNodes": []
  },
  "edgeLengthUniformity": {
    "mean": 139.3797673376688,
    "stddev": 0.2277327185585334,
    "cv": 0.0016339008373203556,
    "min": 139.00311356378967,
    "max": 139.7597221718232
  },
  "crossModuleEdgeVisibility": {
    "ratio": 1,
    "count": 0,
    "visible": 0
  },
  "nodeSizeVariation": {
    "cv": 0.20327890704543558,
    "mean": 6.285714285714286,
    "stddev": 1.2777531299998808,
    "min": 6,
    "max": 12
  },
  "prominentNodeVisibility": {
    "ratio": 1,
    "topN": [
      {
        "id": "hhub",
        "group": "M",
        "groupPath": [
          "M"
        ],
        "val": 12,
        "x": 2.9015905875156895,
        "y": 1.5193973301075205,
        "vx": 2.0921277996422229e-7,
        "vy": 1.5124103441045167e-7,
        "index": 0
      },
      {
        "id": "hs0",
        "group": "M",
        "groupPath": [
          "M"
        ],
        "val": 6,
        "x": 142.47126269782467,
        "y": 3.3091426865007993,
        "vx": 2.1642645533462777e-7,
        "vy": 5.498632712467634e-8,
        "index": 1
      },
      {
        "id": "hs1",
        "group": "M",
        "groupPath": [
          "M"
        ],
        "val": 6,
        "x": 133.781637223104,
        "y": 48.78031524593456,
        "vx": 2.5500673555712874e-7,
        "vy": -3.202424196262205e-9,
        "index": 2
      },
      {
        "id": "hs2",
        "group": "M",
        "groupPath": [
          "M"
        ],
        "val": 6,
        "x": 111.06702686515858,
        "y": 89.06677414392121,
        "vx": 3.206857465920534e-7,
        "vy": -8.737534041856653e-9,
        "index": 3
      },
      {
        "id": "hs3",
        "group": "M",
        "groupPath": [
          "M"
        ],
        "val": 6,
        "x": 77.45301961344103,
        "y": 119.08735885340303,
        "vx": 3.892560057692657e-7,
        "vy": 1.3940900649103912e-9,
        "index": 4
      }
    ],
    "obscured": []
  },
  "qualityScore": {
    "score": 98.6,
    "components": {
      "edgeVisibility": 1,
      "noOverlap": 1,
      "fewCrossings": 1,
      "lowStress": 0.9278554015365561,
      "gestaltCohesion": 1,
      "blobIntegrity": 1
    },
    "raw": {
      "vis": {
        "ratio": 1,
        "avgGap": 121.37976733766877,
        "minGap": 121.00311356378967,
        "invisible": []
      },
      "ovlp": {
        "ratio": 0,
        "maxOverlap": 0,
        "overlapping": []
      },
      "cross": {
        "count": 0,
        "ratio": 0,
        "normalised": 0
      },
      "stress": {
        "stress": 30.300731354646423,
        "perEdge": 0.14428919692688774
      },
      "prox": {
        "withinAvg": 181.87253397582884,
        "betweenAvg": null,
        "ratio": 0,
        "cohesion": 1
      },
      "integ": {
        "ratio": 1,
        "violations": [],
        "blobRadii": {}
      }
    }
  }
}