{
  "moduleCount": 1,
  "crossEdgeRatio": 0,
  "edgeVisibility": {
    "ratio": 1,
    "avgGap": 113.37798386723136,
    "minGap": 112.79581353279687,
    "invisible": []
  },
  "nodeOverlap": {
    "ratio": 0,
    "maxOverlap": 0,
    "overlapping": []
  },
  "edgeCrossings": {
    "count": 0,
    "ratio": 0,
    "normalised": 0
  },
  "layoutStress": {
    "stress": 6.240974224405006,
    "perEdge": 0.11347225862554557
  },
  "hubCentrality": {
    "hubs": [
      {
        "nodeId": "hhub",
        "error": 17.94025517000023,
        "normalised": 0.13655450207038028
      }
    ],
    "avgNormalised": 0.13655450207038028
  },
  "chainLinearity": {
    "ratio": 1,
    "straightness": 1,
    "chains": []
  },
  "blobIntegrity": {
    "ratio": 1,
    "violations": [],
    "blobRadii": {}
  },
  "blobSeparation": {
    "minClearance": null,
    "avgClearance": null,
    "separationRatio": null,
    "overlapping": []
  },
  "gestaltProximity": {
    "withinAvg": 172.80992104651847,
    "betweenAvg": null,
    "ratio": 0,
    "cohesion": 1
  },
  "angularResolution": {
    "minAngle": 29.232262274602427,
    "avgMinAngle": 29.232262274602427,
    "poorNodes": []
  },
  "edgeLengthUniformity": {
    "mean": 131.37798386723136,
    "stddev": 0.5153277071566058,
    "cv": 0.003922481469021387,
    "min": 130.79581353279687,
    "max": 132.35489587029457
  },
  "crossModuleEdgeVisibility": {
    "ratio": 1,
    "count": 0,
    "visible": 0
  },
  "nodeSizeVariation": {
    "cv": 0.26352313834736496,
    "mean": 6.545454545454546,
    "stddev": 1.724878723728207,
    "min": 6,
    "max": 12
  },
  "prominentNodeVisibility": {
    "ratio": 1,
    "topN": [
      {
        "id": "hhub",
        "group": "M",
        "groupPath": [
          "M"
        ],
        "val": 12,
        "x": 16.232732578464386,
        "y": -1.5787457319192675,
        "vx": 5.643819164393916e-7,
        "vy": -9.805232445011689e-8,
        "index": 0
      },
      {
        "id": "hs0",
        "group": "M",
        "groupPath": [
          "M"
        ],
        "val": 6,
        "x": 134.41215272088147,
        "y": 54.5017377661153,
        "vx": 9.767788926613246e-7,
        "vy": -9.906603108491708e-7,
        "index": 1
      },
      {
        "id": "hs1",
        "group": "M",
        "groupPath": [
          "M"
        ],
        "val": 6,
        "x": 70.67736177643874,
        "y": 117.48484817107585,
        "vx": 0.0000012316048000857983,
        "vy": -3.888716377352106e-7,
        "index": 2
      },
      {
        "id": "hs2",
        "group": "M",
        "groupPath": [
          "M"
        ],
        "val": 6,
        "x": -7.016849511323686,
        "y": 127.61410120553393,
        "vx": 0.0000012067984796218146,
        "vy": 5.392577312422588e-9,
        "index": 3
      },
      {
        "id": "hs3",
        "group": "M",
        "groupPath": [
          "M"
        ],
        "val": 6,
        "x": -72.04832065924623,
        "y": 96.40375867360184,
        "vx": 0.000001003191562052929,
        "vy": 2.641055913565123e-7,
        "index": 4
      }
    ],
    "obscured": []
  },
  "qualityScore": {
    "score": 98.9,
    "components": {
      "edgeVisibility": 1,
      "noOverlap": 1,
      "fewCrossings": 1,
      "lowStress": 0.9432638706872272,
      "gestaltCohesion": 1,
      "blobIntegrity": 1
    },
    "raw": {
      "vis": {
        "ratio": 1,
        "avgGap": 113.37798386723136,
        "minGap": 112.79581353279687,
        "invisible": []
      },
      "ovlp": {
        "ratio": 0,
        "maxOverlap": 0,
        "overlapping": []
      },
      "cross": {
        "count": 0,
        "ratio": 0,
        "normalised": 0
      },
      "stress": {
        "stress": 6.240974224405006,
        "perEdge": 0.11347225862554557
      },
      "prox": {
        "withinAvg": 172.80992104651847,
        "betweenAvg": null,
        "ratio": 0,
        "cohesion": 1
      },
      "integ": {
        "ratio": 1,
        "violations": [],
        "blobRadii": {}
      }
    }
  }
}