{
  "moduleCount": 1,
  "crossEdgeRatio": 0,
  "edgeVisibility": {
    "ratio": 1,
    "avgGap": 117.43614315283385,
    "minGap": 116.77153205898495,
    "invisible": []
  },
  "nodeOverlap": {
    "ratio": 0,
    "maxOverlap": 0,
    "overlapping": []
  },
  "edgeCrossings": {
    "count": 0,
    "ratio": 0,
    "normalised": 0
  },
  "layoutStress": {
    "stress": 16.022813966614784,
    "perEdge": 0.13352344972178987
  },
  "hubCentrality": {
    "hubs": [
      {
        "nodeId": "hhub",
        "error": 9.925201442508234,
        "normalised": 0.073283255203953
      }
    ],
    "avgNormalised": 0.073283255203953
  },
  "chainLinearity": {
    "ratio": 1,
    "straightness": 1,
    "chains": []
  },
  "blobIntegrity": {
    "ratio": 1,
    "violations": [],
    "blobRadii": {}
  },
  "blobSeparation": {
    "minClearance": null,
    "avgClearance": null,
    "separationRatio": null,
    "overlapping": []
  },
  "gestaltProximity": {
    "withinAvg": 177.4232151778575,
    "betweenAvg": null,
    "ratio": 0,
    "cohesion": 1
  },
  "angularResolution": {
    "minAngle": 20.456268009626598,
    "avgMinAngle": 20.456268009626598,
    "poorNodes": []
  },
  "edgeLengthUniformity": {
    "mean": 135.43614315283384,
    "stddev": 0.44226766522669075,
    "cv": 0.0032655069387763857,
    "min": 134.77153205898495,
    "max": 136.3539811759993
  },
  "crossModuleEdgeVisibility": {
    "ratio": 1,
    "count": 0,
    "visible": 0
  },
  "nodeSizeVariation": {
    "cv": 0.22782254977690686,
    "mean": 6.375,
    "stddev": 1.4523687548277813,
    "min": 6,
    "max": 12
  },
  "prominentNodeVisibility": {
    "ratio": 1,
    "topN": [
      {
        "id": "hhub",
        "group": "M",
        "groupPath": [
          "M"
        ],
        "val": 12,
        "x": 9.11124166453542,
        "y": 1.8883888452935556,
        "vx": 4.620815506815835e-7,
        "vy": 1.5368185595641144e-7,
        "index": 0
      },
      {
        "id": "hs0",
        "group": "M",
        "groupPath": [
          "M"
        ],
        "val": 6,
        "x": 142.54135549431385,
        "y": 22.52547225923618,
        "vx": 5.19963379526149e-7,
        "vy": -1.0505800942380194e-7,
        "index": 1
      },
      {
        "id": "hs1",
        "group": "M",
        "groupPath": [
          "M"
        ],
        "val": 6,
        "x": 119.0123246996706,
        "y": 79.89555390870507,
        "vx": 7.916677602872935e-7,
        "vy": -3.1195340402101425e-7,
        "index": 2
      },
      {
        "id": "hs2",
        "group": "M",
        "groupPath": [
          "M"
        ],
        "val": 6,
        "x": 73.9492850737189,
        "y": 120.23852965410225,
        "vx": 9.741717480248684e-7,
        "vy": -1.445540491867576e-7,
        "index": 3
      },
      {
        "id": "hs3",
        "group": "M",
        "groupPath": [
          "M"
        ],
        "val": 6,
        "x": 19.95233997129221,
        "y": 137.03168601286876,
        "vx": 9.636760155111288e-7,
        "vy": 8.561593347283604e-8,
        "index": 4
      }
    ],
    "obscured": []
  },
  "qualityScore": {
    "score": 98.7,
    "components": {
      "edgeVisibility": 1,
      "noOverlap": 1,
      "fewCrossings": 1,
      "lowStress": 0.9332382751391051,
      "gestaltCohesion": 1,
      "blobIntegrity": 1
    },
    "raw": {
      "vis": {
        "ratio": 1,
        "avgGap": 117.43614315283385,
        "minGap": 116.77153205898495,
        "invisible": []
      },
      "ovlp": {
        "ratio": 0,
        "maxOverlap": 0,
        "overlapping": []
      },
      "cross": {
        "count": 0,
        "ratio": 0,
        "normalised": 0
      },
      "stress": {
        "stress": 16.022813966614784,
        "perEdge": 0.13352344972178987
      },
      "prox": {
        "withinAvg": 177.4232151778575,
        "betweenAvg": null,
        "ratio": 0,
        "cohesion": 1
      },
      "integ": {
        "ratio": 1,
        "violations": [],
        "blobRadii": {}
      }
    }
  }
}