{
  "moduleCount": 1,
  "crossEdgeRatio": 0,
  "nodeList": [
    {
      "x": 47.731968451865974,
      "y": -0.957759065608772,
      "g": "M"
    },
    {
      "x": 19.123793560591004,
      "y": 121.3457066515808,
      "g": "M"
    },
    {
      "x": -78.27332870434006,
      "y": 0.5990510370724148,
      "g": "M"
    },
    {
      "x": 11.417570223650278,
      "y": -120.98699853932033,
      "g": "M"
    }
  ],
  "degreeDist": {
    "values": [
      3,
      1,
      1,
      1
    ],
    "mean": 1.5,
    "max": 3,
    "gini": 0.25
  },
  "chainNodePos": [],
  "edgeAngles": [
    103.16542893116485,
    179.2921399963034,
    -106.8329945717093
  ],
  "edgeVisibility": {
    "ratio": 1,
    "avgGap": 107.67402677584329,
    "minGap": 107.4023677899067,
    "invisible": []
  },
  "nodeOverlap": {
    "ratio": 0,
    "maxOverlap": 0,
    "overlapping": []
  },
  "edgeCrossings": {
    "count": 0,
    "ratio": 0,
    "normalised": 0
  },
  "layoutStress": {
    "stress": 0.2691151034228273,
    "perEdge": 0.04485251723713788
  },
  "hubCentrality": {
    "hubs": [
      {
        "nodeId": "hhub",
        "error": 63.65543398947777,
        "normalised": 0.5065122493688843
      }
    ],
    "avgNormalised": 0.5065122493688843
  },
  "chainLinearity": {
    "ratio": 1,
    "straightness": 1,
    "chains": []
  },
  "blobIntegrity": {
    "ratio": 1,
    "violations": [],
    "blobRadii": {}
  },
  "blobSeparation": {
    "minClearance": null,
    "avgClearance": null,
    "separationRatio": null,
    "overlapping": []
  },
  "gestaltProximity": {
    "withinAvg": 154.28291239322678,
    "betweenAvg": null,
    "ratio": 0,
    "cohesion": 1
  },
  "angularResolution": {
    "minAngle": 73.87486543198727,
    "avgMinAngle": 73.87486543198727,
    "poorNodes": []
  },
  "edgeLengthUniformity": {
    "mean": 125.67402677584329,
    "stddev": 0.2548171331459687,
    "cv": 0.0020276037911991928,
    "min": 125.4023677899067,
    "max": 126.01491407416663
  },
  "crossModuleEdgeVisibility": {
    "ratio": 1,
    "count": 0,
    "visible": 0
  },
  "nodeSizeVariation": {
    "cv": 0.34641016151377546,
    "mean": 7.5,
    "stddev": 2.598076211353316,
    "min": 6,
    "max": 12
  },
  "prominentNodeVisibility": {
    "ratio": 1,
    "topN": [
      {
        "id": "hhub",
        "group": "M",
        "groupPath": [
          "M"
        ],
        "val": 12,
        "x": 47.731968451865974,
        "y": -0.957759065608772,
        "vx": 5.284195164450021e-7,
        "vy": 2.9531606404257588e-8,
        "index": 0
      },
      {
        "id": "hs0",
        "group": "M",
        "groupPath": [
          "M"
        ],
        "val": 6,
        "x": 19.123793560591004,
        "y": 121.3457066515808,
        "vx": 0.0000012758943742244877,
        "vy": 1.936150550709466e-7,
        "index": 1
      },
      {
        "id": "hs1",
        "group": "M",
        "groupPath": [
          "M"
        ],
        "val": 6,
        "x": -78.27332870434006,
        "y": 0.5990510370724148,
        "vx": 5.379267625217927e-7,
        "vy": 3.259688479025173e-8,
        "index": 2
      },
      {
        "id": "hs2",
        "group": "M",
        "groupPath": [
          "M"
        ],
        "val": 6,
        "x": 11.417570223650278,
        "y": -120.98699853932033,
        "vx": 0.0000011895265411172347,
        "vy": -1.7201940625538384e-7,
        "index": 3
      }
    ],
    "obscured": []
  },
  "qualityScore": {
    "score": 99.6,
    "components": {
      "edgeVisibility": 1,
      "noOverlap": 1,
      "fewCrossings": 1,
      "lowStress": 0.977573741381431,
      "gestaltCohesion": 1,
      "blobIntegrity": 1
    },
    "raw": {
      "vis": {
        "ratio": 1,
        "avgGap": 107.67402677584329,
        "minGap": 107.4023677899067,
        "invisible": []
      },
      "ovlp": {
        "ratio": 0,
        "maxOverlap": 0,
        "overlapping": []
      },
      "cross": {
        "count": 0,
        "ratio": 0,
        "normalised": 0
      },
      "stress": {
        "stress": 0.2691151034228273,
        "perEdge": 0.04485251723713788
      },
      "prox": {
        "withinAvg": 154.28291239322678,
        "betweenAvg": null,
        "ratio": 0,
        "cohesion": 1
      },
      "integ": {
        "ratio": 1,
        "violations": [],
        "blobRadii": {}
      }
    }
  }
}