{
  "moduleCount": 1,
  "crossEdgeRatio": 0,
  "edgeVisibility": {
    "ratio": 1,
    "avgGap": 111.75187770891215,
    "minGap": 110.91160499391185,
    "invisible": []
  },
  "nodeOverlap": {
    "ratio": 0,
    "maxOverlap": 0,
    "overlapping": []
  },
  "edgeCrossings": {
    "count": 0,
    "ratio": 0,
    "normalised": 0
  },
  "layoutStress": {
    "stress": 3.6674575287687494,
    "perEdge": 0.10187382024357637
  },
  "hubCentrality": {
    "hubs": [
      {
        "nodeId": "hhub",
        "error": 24.166150326473577,
        "normalised": 0.18624894493387126
      }
    ],
    "avgNormalised": 0.18624894493387126
  },
  "chainLinearity": {
    "ratio": 1,
    "straightness": 1,
    "chains": []
  },
  "blobIntegrity": {
    "ratio": 1,
    "violations": [],
    "blobRadii": {}
  },
  "blobSeparation": {
    "minClearance": null,
    "avgClearance": null,
    "separationRatio": null,
    "overlapping": []
  },
  "gestaltProximity": {
    "withinAvg": 170.31154913149416,
    "betweenAvg": null,
    "ratio": 0,
    "cohesion": 1
  },
  "angularResolution": {
    "minAngle": 34.05348213416236,
    "avgMinAngle": 34.05348213416236,
    "poorNodes": []
  },
  "edgeLengthUniformity": {
    "mean": 129.75187770891216,
    "stddev": 0.6433620282074004,
    "cv": 0.0049584024491015925,
    "min": 128.91160499391185,
    "max": 130.77746108541177
  },
  "crossModuleEdgeVisibility": {
    "ratio": 1,
    "count": 0,
    "visible": 0
  },
  "nodeSizeVariation": {
    "cv": 0.28284271247461906,
    "mean": 6.666666666666667,
    "stddev": 1.8856180831641272,
    "min": 6,
    "max": 12
  },
  "prominentNodeVisibility": {
    "ratio": 1,
    "topN": [
      {
        "id": "hhub",
        "group": "M",
        "groupPath": [
          "M"
        ],
        "val": 12,
        "x": 21.480680027029596,
        "y": 0.12149670600051242,
        "vx": 5.644046942896496e-7,
        "vy": 5.5857479918039976e-8,
        "index": 0
      },
      {
        "id": "hs0",
        "group": "M",
        "groupPath": [
          "M"
        ],
        "val": 6,
        "x": 127.11298625315669,
        "y": 74.01342984796176,
        "vx": 0.0000015374687580022648,
        "vy": -0.0000013233862987327032,
        "index": 1
      },
      {
        "id": "hs1",
        "group": "M",
        "groupPath": [
          "M"
        ],
        "val": 6,
        "x": 36.725481300067244,
        "y": 128.6908706147341,
        "vx": 0.0000015514971106109881,
        "vy": -8.321060740186869e-8,
        "index": 2
      },
      {
        "id": "hs2",
        "group": "M",
        "groupPath": [
          "M"
        ],
        "val": 6,
        "x": -50.05511582930497,
        "y": 108.86054675474487,
        "vx": 9.583612557415964e-7,
        "vy": 2.608555381191232e-7,
        "index": 3
      },
      {
        "id": "hs3",
        "group": "M",
        "groupPath": [
          "M"
        ],
        "val": 6,
        "x": -101.376836524607,
        "y": 44.94085585704962,
        "vx": 3.489464476473493e-7,
        "vy": -4.987107949155605e-7,
        "index": 4
      }
    ],
    "obscured": []
  },
  "qualityScore": {
    "score": 99,
    "components": {
      "edgeVisibility": 1,
      "noOverlap": 1,
      "fewCrossings": 1,
      "lowStress": 0.9490630898782119,
      "gestaltCohesion": 1,
      "blobIntegrity": 1
    },
    "raw": {
      "vis": {
        "ratio": 1,
        "avgGap": 111.75187770891215,
        "minGap": 110.91160499391185,
        "invisible": []
      },
      "ovlp": {
        "ratio": 0,
        "maxOverlap": 0,
        "overlapping": []
      },
      "cross": {
        "count": 0,
        "ratio": 0,
        "normalised": 0
      },
      "stress": {
        "stress": 3.6674575287687494,
        "perEdge": 0.10187382024357637
      },
      "prox": {
        "withinAvg": 170.31154913149416,
        "betweenAvg": null,
        "ratio": 0,
        "cohesion": 1
      },
      "integ": {
        "ratio": 1,
        "violations": [],
        "blobRadii": {}
      }
    }
  }
}