{
  "moduleCount": 1,
  "crossEdgeRatio": 0,
  "edgeVisibility": {
    "ratio": 1,
    "avgGap": 107.21012697331734,
    "minGap": 106.46421750237621,
    "invisible": []
  },
  "nodeOverlap": {
    "ratio": 0,
    "maxOverlap": 0,
    "overlapping": []
  },
  "edgeCrossings": {
    "count": 0,
    "ratio": 0,
    "normalised": 0
  },
  "layoutStress": {
    "stress": 1.1775897964980628,
    "perEdge": 0.0785059864332042
  },
  "hubCentrality": {
    "hubs": [
      {
        "nodeId": "router",
        "error": 42.62011155041632,
        "normalised": 0.3350370962160583
      }
    ],
    "avgNormalised": 0.3350370962160583
  },
  "chainLinearity": {
    "ratio": 1,
    "straightness": 1,
    "chains": []
  },
  "blobIntegrity": {
    "ratio": 1,
    "violations": [],
    "blobRadii": {}
  },
  "blobSeparation": {
    "minClearance": null,
    "avgClearance": null,
    "separationRatio": null,
    "overlapping": []
  },
  "gestaltProximity": {
    "withinAvg": 163.0109777880276,
    "betweenAvg": null,
    "ratio": 0,
    "cohesion": 1
  },
  "angularResolution": {
    "minAngle": 50.08506864088678,
    "avgMinAngle": 50.08506864088678,
    "poorNodes": []
  },
  "edgeLengthUniformity": {
    "mean": 127.21012697331734,
    "stddev": 0.5892857589834394,
    "cv": 0.004632380872531034,
    "min": 126.46421750237621,
    "max": 127.84110305534682
  },
  "crossModuleEdgeVisibility": {
    "ratio": 1,
    "count": 0,
    "visible": 0
  },
  "nodeSizeVariation": {
    "cv": 0.40655781409087094,
    "mean": 7.333333333333333,
    "stddev": 2.98142396999972,
    "min": 6,
    "max": 14
  },
  "prominentNodeVisibility": {
    "ratio": 1,
    "topN": [
      {
        "id": "router",
        "group": "M",
        "groupPath": [
          "M"
        ],
        "val": 14,
        "x": 35.2922322859306,
        "y": -3.9873093122406917,
        "vx": 6.571628699505494e-7,
        "vy": -9.650680501297629e-8,
        "index": 0
      },
      {
        "id": "handlerA",
        "group": "M",
        "groupPath": [
          "M"
        ],
        "val": 6,
        "x": 77.80842516815324,
        "y": 115.19532387715071,
        "vx": 0.000001756922464494493,
        "vy": -5.003496754162535e-7,
        "index": 1
      },
      {
        "id": "handlerB",
        "group": "M",
        "groupPath": [
          "M"
        ],
        "val": 6,
        "x": -37.07839957704781,
        "y": 100.9793639967109,
        "vx": 0.0000012763244096567185,
        "vy": 3.650068915001306e-7,
        "index": 2
      },
      {
        "id": "handlerC",
        "group": "M",
        "groupPath": [
          "M"
        ],
        "val": 6,
        "x": -91.99608876655171,
        "y": 7.888336103819766,
        "vx": 6.708085212358072e-7,
        "vy": -1.50405822608685e-7,
        "index": 3
      },
      {
        "id": "handlerD",
        "group": "M",
        "groupPath": [
          "M"
        ],
        "val": 6,
        "x": -54.643579795230764,
        "y": -94.65805710237379,
        "vx": 8.472576054058496e-7,
        "vy": -2.740226865868893e-7,
        "index": 4
      }
    ],
    "obscured": []
  },
  "qualityScore": {
    "score": 99.2,
    "components": {
      "edgeVisibility": 1,
      "noOverlap": 1,
      "fewCrossings": 1,
      "lowStress": 0.9607470067833979,
      "gestaltCohesion": 1,
      "blobIntegrity": 1
    },
    "raw": {
      "vis": {
        "ratio": 1,
        "avgGap": 107.21012697331734,
        "minGap": 106.46421750237621,
        "invisible": []
      },
      "ovlp": {
        "ratio": 0,
        "maxOverlap": 0,
        "overlapping": []
      },
      "cross": {
        "count": 0,
        "ratio": 0,
        "normalised": 0
      },
      "stress": {
        "stress": 1.1775897964980628,
        "perEdge": 0.0785059864332042
      },
      "prox": {
        "withinAvg": 163.0109777880276,
        "betweenAvg": null,
        "ratio": 0,
        "cohesion": 1
      },
      "integ": {
        "ratio": 1,
        "violations": [],
        "blobRadii": {}
      }
    }
  }
}