{
  "moduleCount": 1,
  "crossEdgeRatio": 0,
  "edgeVisibility": {
    "ratio": 1,
    "avgGap": 109.92292493852749,
    "minGap": 109.18093512222201,
    "invisible": []
  },
  "nodeOverlap": {
    "ratio": 0,
    "maxOverlap": 0,
    "overlapping": []
  },
  "edgeCrossings": {
    "count": 0,
    "ratio": 0,
    "normalised": 0
  },
  "layoutStress": {
    "stress": 1.7717301300144144,
    "perEdge": 0.08436810142925782
  },
  "hubCentrality": {
    "hubs": [
      {
        "nodeId": "hhub",
        "error": 31.68311729398603,
        "normalised": 0.24767349018333612
      }
    ],
    "avgNormalised": 0.24767349018333612
  },
  "chainLinearity": {
    "ratio": 1,
    "straightness": 1,
    "chains": []
  },
  "blobIntegrity": {
    "ratio": 1,
    "violations": [],
    "blobRadii": {}
  },
  "blobSeparation": {
    "minClearance": null,
    "avgClearance": null,
    "separationRatio": null,
    "overlapping": []
  },
  "gestaltProximity": {
    "withinAvg": 167.14959146066215,
    "betweenAvg": null,
    "ratio": 0,
    "cohesion": 1
  },
  "angularResolution": {
    "minAngle": 44.34399909075023,
    "avgMinAngle": 44.34399909075023,
    "poorNodes": []
  },
  "edgeLengthUniformity": {
    "mean": 127.92292493852749,
    "stddev": 0.5567003726878775,
    "cv": 0.0043518421186460226,
    "min": 127.18093512222201,
    "max": 128.54840012819045
  },
  "crossModuleEdgeVisibility": {
    "ratio": 1,
    "count": 0,
    "visible": 0
  },
  "nodeSizeVariation": {
    "cv": 0.30618621784789735,
    "mean": 6.857142857142857,
    "stddev": 2.099562636671296,
    "min": 6,
    "max": 12
  },
  "prominentNodeVisibility": {
    "ratio": 1,
    "topN": [
      {
        "id": "hhub",
        "group": "M",
        "groupPath": [
          "M"
        ],
        "val": 12,
        "x": 27.04975469083871,
        "y": -2.410639097021191,
        "vx": 5.999147051388746e-7,
        "vy": -6.853015138110271e-8,
        "index": 0
      },
      {
        "id": "hs0",
        "group": "M",
        "groupPath": [
          "M"
        ],
        "val": 6,
        "x": 101.59328630575106,
        "y": 100.6342644787472,
        "vx": 0.0000014990446760865293,
        "vy": -7.142295784651035e-7,
        "index": 1
      },
      {
        "id": "hs1",
        "group": "M",
        "groupPath": [
          "M"
        ],
        "val": 6,
        "x": -7.776814895196851,
        "y": 120.77860699630567,
        "vx": 0.0000013253360925093132,
        "vy": 1.137969036118053e-7,
        "index": 2
      },
      {
        "id": "hs2",
        "group": "M",
        "groupPath": [
          "M"
        ],
        "val": 6,
        "x": -88.41088077533914,
        "y": 54.100712269441004,
        "vx": 7.456823560746545e-7,
        "vy": 1.7507328163382042e-7,
        "index": 3
      },
      {
        "id": "hs3",
        "group": "M",
        "groupPath": [
          "M"
        ],
        "val": 6,
        "x": -94.98171077904506,
        "y": -42.68578179909495,
        "vx": 6.686466436789618e-7,
        "vy": -2.1893400650115182e-7,
        "index": 4
      }
    ],
    "obscured": []
  },
  "qualityScore": {
    "score": 99.2,
    "components": {
      "edgeVisibility": 1,
      "noOverlap": 1,
      "fewCrossings": 1,
      "lowStress": 0.9578159492853711,
      "gestaltCohesion": 1,
      "blobIntegrity": 1
    },
    "raw": {
      "vis": {
        "ratio": 1,
        "avgGap": 109.92292493852749,
        "minGap": 109.18093512222201,
        "invisible": []
      },
      "ovlp": {
        "ratio": 0,
        "maxOverlap": 0,
        "overlapping": []
      },
      "cross": {
        "count": 0,
        "ratio": 0,
        "normalised": 0
      },
      "stress": {
        "stress": 1.7717301300144144,
        "perEdge": 0.08436810142925782
      },
      "prox": {
        "withinAvg": 167.14959146066215,
        "betweenAvg": null,
        "ratio": 0,
        "cohesion": 1
      },
      "integ": {
        "ratio": 1,
        "violations": [],
        "blobRadii": {}
      }
    }
  }
}