{
  "moduleCount": 6,
  "crossEdgeRatio": 0.4,
  "edgeVisibility": {
    "ratio": 1,
    "avgGap": 115.49912663621663,
    "minGap": 113.72873617611656,
    "invisible": []
  },
  "nodeOverlap": {
    "ratio": 0,
    "maxOverlap": 0,
    "overlapping": []
  },
  "edgeCrossings": {
    "count": 0,
    "ratio": 0,
    "normalised": 0
  },
  "layoutStress": {
    "stress": 0.5977318220033904,
    "perEdge": 0.01992439406677968
  },
  "hubCentrality": {
    "hubs": [
      {
        "nodeId": "o1",
        "error": 36.15443541497649,
        "normalised": 0.28276655431899955
      },
      {
        "nodeId": "g1",
        "error": 24.24027265654338,
        "normalised": 0.19009843395978965
      }
    ],
    "avgNormalised": 0.2364324941393946
  },
  "chainLinearity": {
    "ratio": 1,
    "straightness": 1,
    "chains": []
  },
  "blobIntegrity": {
    "ratio": 1,
    "violations": [],
    "blobRadii": {}
  },
  "blobSeparation": {
    "minClearance": 55.42521149544993,
    "avgClearance": 482.2790486759919,
    "separationRatio": 0.4358230703366398,
    "overlapping": []
  },
  "gestaltProximity": {
    "withinAvg": 126.97989539589916,
    "betweenAvg": 614.131317066526,
    "ratio": 0.20676342643204437,
    "cohesion": 0.7932365735679556
  },
  "angularResolution": {
    "minAngle": 74.6824055828702,
    "avgMinAngle": 130.87683325617846,
    "poorNodes": []
  },
  "edgeLengthUniformity": {
    "mean": 127.49912663621663,
    "stddev": 0.9571927733578541,
    "cv": 0.007507445726188683,
    "min": 125.72873617611656,
    "max": 128.89002669471577
  },
  "crossModuleEdgeVisibility": {
    "ratio": 1,
    "count": 4,
    "visible": 4
  },
  "nodeSizeVariation": {
    "cv": 0,
    "mean": 6,
    "stddev": 0,
    "min": 6,
    "max": 6
  },
  "prominentNodeVisibility": {
    "ratio": 1,
    "topN": [
      {
        "id": "a0",
        "group": "Auth",
        "groupPath": [
          "Auth"
        ],
        "val": 6,
        "x": 485.8261952122601,
        "y": -120.11837471308206,
        "vx": 0.0000013031822232023262,
        "vy": 2.4479373317033054e-7,
        "index": 0
      },
      {
        "id": "a1",
        "group": "Auth",
        "groupPath": [
          "Auth"
        ],
        "val": 6,
        "x": 594.8825872437224,
        "y": -57.55306117975492,
        "vx": 0.000002203669371513198,
        "vy": -0.000001279903709097796,
        "index": 1
      },
      {
        "id": "u0",
        "group": "User",
        "groupPath": [
          "User"
        ],
        "val": 6,
        "x": 341.93259571761496,
        "y": 73.80285789849964,
        "vx": 0.00000107772714063987,
        "vy": -1.785707276472019e-8,
        "index": 2
      },
      {
        "id": "u1",
        "group": "User",
        "groupPath": [
          "User"
        ],
        "val": 6,
        "x": 325.8378269568083,
        "y": 200.3093861125935,
        "vx": 9.451097993345782e-7,
        "vy": -4.9249062836002e-8,
        "index": 3
      },
      {
        "id": "p0",
        "group": "Payment",
        "groupPath": [
          "Payment"
        ],
        "val": 6,
        "x": -380.1489931391996,
        "y": 139.38462788211797,
        "vx": -6.679482910806739e-7,
        "vy": 2.1589977225416725e-8,
        "index": 4
      }
    ],
    "obscured": []
  },
  "qualityScore": {
    "score": 97.7,
    "components": {
      "edgeVisibility": 1,
      "noOverlap": 1,
      "fewCrossings": 1,
      "lowStress": 0.9900378029666101,
      "gestaltCohesion": 0.7932365735679556,
      "blobIntegrity": 1
    },
    "raw": {
      "vis": {
        "ratio": 1,
        "avgGap": 115.49912663621663,
        "minGap": 113.72873617611656,
        "invisible": []
      },
      "ovlp": {
        "ratio": 0,
        "maxOverlap": 0,
        "overlapping": []
      },
      "cross": {
        "count": 0,
        "ratio": 0,
        "normalised": 0
      },
      "stress": {
        "stress": 0.5977318220033904,
        "perEdge": 0.01992439406677968
      },
      "prox": {
        "withinAvg": 126.97989539589916,
        "betweenAvg": 614.131317066526,
        "ratio": 0.20676342643204437,
        "cohesion": 0.7932365735679556
      },
      "integ": {
        "ratio": 1,
        "violations": [],
        "blobRadii": {}
      }
    }
  }
}