{
  "moduleCount": 1,
  "crossEdgeRatio": 0,
  "edgeVisibility": {
    "ratio": 1,
    "avgGap": 126.30069369130332,
    "minGap": 115.96915789911831,
    "invisible": []
  },
  "nodeOverlap": {
    "ratio": 0,
    "maxOverlap": 0,
    "overlapping": []
  },
  "edgeCrossings": {
    "count": 0,
    "ratio": 0,
    "normalised": 0
  },
  "layoutStress": {
    "stress": 15.35294302494968,
    "perEdge": 0.08080496328920884
  },
  "hubCentrality": {
    "hubs": [],
    "avgNormalised": 0
  },
  "chainLinearity": {
    "ratio": 0.9895768454298621,
    "straightness": 1,
    "chains": [
      {
        "ratio": 0.9895768454298621,
        "major": 905.6446814004937,
        "minor": 915.1837834353237,
        "stepAngles": [
          17.93272909095064,
          17.105133950722774,
          16.148317795643614,
          16.847259012045214,
          17.295592270118473,
          17.613692290322753,
          18.292256383722723,
          17.950760123510715,
          17.762700242266725,
          18.01739321616895,
          17.65571800858092,
          18.442961148853936,
          18.315669034122063,
          16.951563586462093,
          16.69232326546928,
          15.955400506423928,
          16.747227221690338,
          14.56996577212368
        ],
        "straightness": 1
      }
    ]
  },
  "blobIntegrity": {
    "ratio": 1,
    "violations": [],
    "blobRadii": {}
  },
  "blobSeparation": {
    "minClearance": null,
    "avgClearance": null,
    "separationRatio": null,
    "overlapping": []
  },
  "gestaltProximity": {
    "withinAvg": 615.0305536899425,
    "betweenAvg": null,
    "ratio": 0,
    "cohesion": 1
  },
  "angularResolution": {
    "minAngle": 161.55703885114607,
    "avgMinAngle": 162.76129650448894,
    "poorNodes": []
  },
  "edgeLengthUniformity": {
    "mean": 138.30069369130334,
    "stddev": 4.839209031079492,
    "cv": 0.03499048993840146,
    "min": 127.96915789911831,
    "max": 142.52587700708554
  },
  "crossModuleEdgeVisibility": {
    "ratio": 1,
    "count": 0,
    "visible": 0
  },
  "nodeSizeVariation": {
    "cv": 0,
    "mean": 6,
    "stddev": 0,
    "min": 6,
    "max": 6
  },
  "prominentNodeVisibility": {
    "ratio": 1,
    "topN": [
      {
        "id": "n0",
        "group": "M",
        "groupPath": [
          "M"
        ],
        "val": 6,
        "x": 468.60007266794696,
        "y": 53.121089831465014,
        "vx": 0.0000030924133500348873,
        "vy": 0.00000330544511469227,
        "index": 0
      },
      {
        "id": "n1",
        "group": "M",
        "groupPath": [
          "M"
        ],
        "val": 6,
        "x": 437.26849591013524,
        "y": 177.44734785091003,
        "vx": 0.0000019812286304083652,
        "vy": 0.000003103672881534495,
        "index": 1
      },
      {
        "id": "n2",
        "group": "M",
        "groupPath": [
          "M"
        ],
        "val": 6,
        "x": 367.2383114465667,
        "y": 289.18307527044965,
        "vx": 9.992907973225939e-7,
        "vy": 0.0000026464629281029494,
        "index": 2
      },
      {
        "id": "n3",
        "group": "M",
        "groupPath": [
          "M"
        ],
        "val": 6,
        "x": 264.3034603874112,
        "y": 378.08894762347865,
        "vx": 3.9685359908978125e-7,
        "vy": 0.000002273484296869905,
        "index": 3
      },
      {
        "id": "n4",
        "group": "M",
        "groupPath": [
          "M"
        ],
        "val": 6,
        "x": 138.1120393021215,
        "y": 436.0483141315686,
        "vx": -7.967422163876598e-8,
        "vy": 0.000001861788219832734,
        "index": 4
      }
    ],
    "obscured": []
  },
  "qualityScore": {
    "score": 99.2,
    "components": {
      "edgeVisibility": 1,
      "noOverlap": 1,
      "fewCrossings": 1,
      "lowStress": 0.9595975183553955,
      "gestaltCohesion": 1,
      "blobIntegrity": 1
    },
    "raw": {
      "vis": {
        "ratio": 1,
        "avgGap": 126.30069369130332,
        "minGap": 115.96915789911831,
        "invisible": []
      },
      "ovlp": {
        "ratio": 0,
        "maxOverlap": 0,
        "overlapping": []
      },
      "cross": {
        "count": 0,
        "ratio": 0,
        "normalised": 0
      },
      "stress": {
        "stress": 15.35294302494968,
        "perEdge": 0.08080496328920884
      },
      "prox": {
        "withinAvg": 615.0305536899425,
        "betweenAvg": null,
        "ratio": 0,
        "cohesion": 1
      },
      "integ": {
        "ratio": 1,
        "violations": [],
        "blobRadii": {}
      }
    }
  }
}