{
  "moduleCount": 1,
  "crossEdgeRatio": 0,
  "edgeVisibility": {
    "ratio": 1,
    "avgGap": 112.97653341418375,
    "minGap": 112.34275307706358,
    "invisible": []
  },
  "nodeOverlap": {
    "ratio": 0,
    "maxOverlap": 0,
    "overlapping": []
  },
  "edgeCrossings": {
    "count": 0,
    "ratio": 0,
    "normalised": 0
  },
  "layoutStress": {
    "stress": 9.598308357822832,
    "perEdge": 0.12305523535670297
  },
  "hubCentrality": {
    "hubs": [
      {
        "nodeId": "nsink",
        "error": 14.053782113414082,
        "normalised": 0.10568618200957744
      }
    ],
    "avgNormalised": 0.10568618200957744
  },
  "chainLinearity": {
    "ratio": 1,
    "straightness": 1,
    "chains": []
  },
  "blobIntegrity": {
    "ratio": 1,
    "violations": [],
    "blobRadii": {}
  },
  "blobSeparation": {
    "minClearance": null,
    "avgClearance": null,
    "separationRatio": null,
    "overlapping": []
  },
  "gestaltProximity": {
    "withinAvg": 174.69769323556085,
    "betweenAvg": null,
    "ratio": 0,
    "cohesion": 1
  },
  "angularResolution": {
    "minAngle": 25.0736420221438,
    "avgMinAngle": 25.0736420221438,
    "poorNodes": []
  },
  "edgeLengthUniformity": {
    "mean": 132.97653341418376,
    "stddev": 0.4602669026631285,
    "cv": 0.0034612641106346867,
    "min": 132.34275307706358,
    "max": 133.81190542425327
  },
  "crossModuleEdgeVisibility": {
    "ratio": 1,
    "count": 0,
    "visible": 0
  },
  "nodeSizeVariation": {
    "cv": 0.3222420107104889,
    "mean": 6.615384615384615,
    "stddev": 2.131754840084773,
    "min": 6,
    "max": 14
  },
  "prominentNodeVisibility": {
    "ratio": 1,
    "topN": [
      {
        "id": "nsink",
        "group": "M",
        "groupPath": [
          "M"
        ],
        "val": 14,
        "x": 12.659610609537866,
        "y": 2.832983960161789,
        "vx": 5.100687009747874e-7,
        "vy": 1.872897819156083e-7,
        "index": 0
      },
      {
        "id": "nsrc0",
        "group": "M",
        "groupPath": [
          "M"
        ],
        "val": 6,
        "x": 141.40906435422139,
        "y": 34.04722900097844,
        "vx": 8.116921436219616e-7,
        "vy": -8.671271623249161e-7,
        "index": 1
      },
      {
        "id": "nsrc1",
        "group": "M",
        "groupPath": [
          "M"
        ],
        "val": 6,
        "x": 98.22251442794499,
        "y": 103.93509459033538,
        "vx": 0.0000012709851777525647,
        "vy": -4.799653098468828e-7,
        "index": 2
      },
      {
        "id": "nsrc2",
        "group": "M",
        "groupPath": [
          "M"
        ],
        "val": 6,
        "x": 31.505563311847055,
        "y": 134.20605550898156,
        "vx": 0.0000012000108547209753,
        "vy": 7.864106562060899e-8,
        "index": 3
      },
      {
        "id": "nsrc3",
        "group": "M",
        "groupPath": [
          "M"
        ],
        "val": 6,
        "x": -36.897689167200284,
        "y": 126.32157473150808,
        "vx": 0.0000010023375163264895,
        "vy": 3.4780176188698057e-7,
        "index": 4
      }
    ],
    "obscured": []
  },
  "qualityScore": {
    "score": 98.8,
    "components": {
      "edgeVisibility": 1,
      "noOverlap": 1,
      "fewCrossings": 1,
      "lowStress": 0.9384723823216485,
      "gestaltCohesion": 1,
      "blobIntegrity": 1
    },
    "raw": {
      "vis": {
        "ratio": 1,
        "avgGap": 112.97653341418375,
        "minGap": 112.34275307706358,
        "invisible": []
      },
      "ovlp": {
        "ratio": 0,
        "maxOverlap": 0,
        "overlapping": []
      },
      "cross": {
        "count": 0,
        "ratio": 0,
        "normalised": 0
      },
      "stress": {
        "stress": 9.598308357822832,
        "perEdge": 0.12305523535670297
      },
      "prox": {
        "withinAvg": 174.69769323556085,
        "betweenAvg": null,
        "ratio": 0,
        "cohesion": 1
      },
      "integ": {
        "ratio": 1,
        "violations": [],
        "blobRadii": {}
      }
    }
  }
}