{
  "moduleCount": 3,
  "crossEdgeRatio": 0.125,
  "edgeVisibility": {
    "ratio": 1,
    "avgGap": 128.763654918985,
    "minGap": 95.83492968728743,
    "invisible": []
  },
  "nodeOverlap": {
    "ratio": 0,
    "maxOverlap": 0,
    "overlapping": []
  },
  "edgeCrossings": {
    "count": 1,
    "ratio": 0.0036231884057971015,
    "normalised": 0.041666666666666664
  },
  "layoutStress": {
    "stress": 20.69535642301596,
    "perEdge": 0.07498317544571
  },
  "hubCentrality": {
    "hubs": [
      {
        "nodeId": "a3",
        "error": 38.03641345842909,
        "normalised": 0.25622234861927684
      },
      {
        "nodeId": "c3",
        "error": 36.74298206993328,
        "normalised": 0.2443952891824353
      }
    ],
    "avgNormalised": 0.2503088189008561
  },
  "chainLinearity": {
    "ratio": 22.99713212608938,
    "straightness": 0.75,
    "chains": [
      {
        "ratio": 42.274410647021305,
        "major": 290.21409413174626,
        "minor": 6.865006269512477,
        "stepAngles": [
          5.346618576081742
        ],
        "straightness": 1
      },
      {
        "ratio": 3.719853605157452,
        "major": 348.34480951151215,
        "minor": 93.64476307039175,
        "stepAngles": [
          53.8968130099729,
          19.077178121409993
        ],
        "straightness": 0.5
      }
    ]
  },
  "blobIntegrity": {
    "ratio": 1,
    "violations": [],
    "blobRadii": {}
  },
  "blobSeparation": {
    "minClearance": -15.074504868902068,
    "avgClearance": -9.535027334359294,
    "separationRatio": -0.022147895869070285,
    "overlapping": [
      [
        "A",
        "B"
      ],
      [
        "A",
        "C"
      ],
      [
        "B",
        "C"
      ]
    ]
  },
  "gestaltProximity": {
    "withinAvg": 275.73083641987296,
    "betweenAvg": 633.5894020769999,
    "ratio": 0.4351885235390403,
    "cohesion": 0.5648114764609597
  },
  "angularResolution": {
    "minAngle": 30.308585659328347,
    "avgMinAngle": 137.95283100387473,
    "poorNodes": []
  },
  "edgeLengthUniformity": {
    "mean": 140.763654918985,
    "stddev": 9.689743405722542,
    "cv": 0.06883696939596637,
    "min": 107.83492968728743,
    "max": 157.27087053647563
  },
  "crossModuleEdgeVisibility": {
    "ratio": 1,
    "count": 3,
    "visible": 3
  },
  "nodeSizeVariation": {
    "cv": 0,
    "mean": 6,
    "stddev": 0,
    "min": 6,
    "max": 6
  },
  "prominentNodeVisibility": {
    "ratio": 1,
    "topN": [
      {
        "id": "a0",
        "group": "A",
        "groupPath": [
          "A"
        ],
        "val": 6,
        "x": 496.56532286700224,
        "y": 85.53246738471702,
        "vx": -8.344370787490905e-8,
        "vy": -0.000002002814654809517,
        "index": 0
      },
      {
        "id": "a1",
        "group": "A",
        "groupPath": [
          "A"
        ],
        "val": 6,
        "x": 370.23687036727375,
        "y": 29.833480369427146,
        "vx": 4.784099401287115e-7,
        "vy": -0.000003924716551126104,
        "index": 1
      },
      {
        "id": "a2",
        "group": "A",
        "groupPath": [
          "A"
        ],
        "val": 6,
        "x": 237.06664519334484,
        "y": -44.40869942526118,
        "vx": 8.2660938157164e-7,
        "vy": -0.00000363566154468868,
        "index": 2
      },
      {
        "id": "a3",
        "group": "A",
        "groupPath": [
          "A"
        ],
        "val": 6,
        "x": 121.2299990336663,
        "y": -142.73931815884788,
        "vx": 0.0000011923846088619103,
        "vy": -0.0000036904660654885454,
        "index": 3
      },
      {
        "id": "a4",
        "group": "A",
        "groupPath": [
          "A"
        ],
        "val": 6,
        "x": 256.7680755161891,
        "y": -155.49884789968328,
        "vx": 0.0000015343222891493738,
        "vy": -0.000001017803792732199,
        "index": 4
      }
    ],
    "obscured": []
  },
  "qualityScore": {
    "score": 94.3,
    "components": {
      "edgeVisibility": 1,
      "noOverlap": 1,
      "fewCrossings": 0.9583333333333334,
      "lowStress": 0.962508412277145,
      "gestaltCohesion": 0.5648114764609597,
      "blobIntegrity": 1
    },
    "raw": {
      "vis": {
        "ratio": 1,
        "avgGap": 128.763654918985,
        "minGap": 95.83492968728743,
        "invisible": []
      },
      "ovlp": {
        "ratio": 0,
        "maxOverlap": 0,
        "overlapping": []
      },
      "cross": {
        "count": 1,
        "ratio": 0.0036231884057971015,
        "normalised": 0.041666666666666664
      },
      "stress": {
        "stress": 20.69535642301596,
        "perEdge": 0.07498317544571
      },
      "prox": {
        "withinAvg": 275.73083641987296,
        "betweenAvg": 633.5894020769999,
        "ratio": 0.4351885235390403,
        "cohesion": 0.5648114764609597
      },
      "integ": {
        "ratio": 1,
        "violations": [],
        "blobRadii": {}
      }
    }
  }
}