{
  "moduleCount": 3,
  "crossEdgeRatio": 0.15384615384615385,
  "edgeVisibility": {
    "ratio": 1,
    "avgGap": 120.175554524062,
    "minGap": 109.8208649393295,
    "invisible": []
  },
  "nodeOverlap": {
    "ratio": 0,
    "maxOverlap": 0,
    "overlapping": []
  },
  "edgeCrossings": {
    "count": 0,
    "ratio": 0,
    "normalised": 0
  },
  "layoutStress": {
    "stress": 2.6137646999816977,
    "perEdge": 0.028722689010787887
  },
  "hubCentrality": {
    "hubs": [
      {
        "nodeId": "bhub",
        "error": 40.731173283721425,
        "normalised": 0.3054221967207204
      }
    ],
    "avgNormalised": 0.3054221967207204
  },
  "chainLinearity": {
    "ratio": 10.963063677402372,
    "straightness": 1,
    "chains": [
      {
        "ratio": 4.989694178088059,
        "major": 490.7476856582203,
        "minor": 98.35225730132102,
        "stepAngles": [
          14.848709664527707,
          23.796589226101606,
          23.333535051768266
        ],
        "straightness": 1
      },
      {
        "ratio": 16.936433176716687,
        "major": 541.5588006866649,
        "minor": 31.97596536625972,
        "stepAngles": [
          10.662176544097708,
          5.425485441678072,
          4.194202462032047
        ],
        "straightness": 1
      }
    ]
  },
  "blobIntegrity": {
    "ratio": 1,
    "violations": [],
    "blobRadii": {}
  },
  "blobSeparation": {
    "minClearance": 102.08332824903653,
    "avgClearance": 161.03754551594895,
    "separationRatio": 0.28313243490279116,
    "overlapping": []
  },
  "gestaltProximity": {
    "withinAvg": 192.8244835273928,
    "betweenAvg": 535.3171426116103,
    "ratio": 0.3602060688485987,
    "cohesion": 0.6397939311514014
  },
  "angularResolution": {
    "minAngle": 41.38084343353304,
    "avgMinAngle": 153.25983991625398,
    "poorNodes": []
  },
  "edgeLengthUniformity": {
    "mean": 134.48324683175431,
    "stddev": 5.148560900359564,
    "cv": 0.038284031815507005,
    "min": 127.8208649393295,
    "max": 144.67382016608548
  },
  "crossModuleEdgeVisibility": {
    "ratio": 1,
    "count": 2,
    "visible": 2
  },
  "nodeSizeVariation": {
    "cv": 0.2403700850309326,
    "mean": 6.428571428571429,
    "stddev": 1.5452362609131383,
    "min": 6,
    "max": 12
  },
  "prominentNodeVisibility": {
    "ratio": 1,
    "topN": [
      {
        "id": "bhub",
        "group": "B",
        "groupPath": [
          "B"
        ],
        "val": 12,
        "x": -47.861206874665584,
        "y": 166.1601322259503,
        "vx": 3.882974714418761e-7,
        "vy": -6.119494824815934e-7,
        "index": 4
      },
      {
        "id": "a0",
        "group": "A",
        "groupPath": [
          "A"
        ],
        "val": 6,
        "x": 224.54065159391686,
        "y": 159.74073646866094,
        "vx": 6.894858497910496e-7,
        "vy": 5.55996742042719e-8,
        "index": 0
      },
      {
        "id": "a1",
        "group": "A",
        "groupPath": [
          "A"
        ],
        "val": 6,
        "x": 337.1850589408458,
        "y": 84.09508342714778,
        "vx": 9.995603742184618e-7,
        "vy": 5.286302880914842e-7,
        "index": 1
      },
      {
        "id": "a2",
        "group": "A",
        "groupPath": [
          "A"
        ],
        "val": 6,
        "x": 407.6757623644679,
        "y": -27.322674974073234,
        "vx": 0.0000019724244061415394,
        "vy": 0.0000010597299571441895,
        "index": 2
      },
      {
        "id": "a3",
        "group": "A",
        "groupPath": [
          "A"
        ],
        "val": 6,
        "x": 446.25724975314677,
        "y": -149.899260988813,
        "vx": 0.0000023347129341251203,
        "vy": 0.0000011170743786260642,
        "index": 3
      }
    ],
    "obscured": []
  },
  "qualityScore": {
    "score": 96.1,
    "components": {
      "edgeVisibility": 1,
      "noOverlap": 1,
      "fewCrossings": 1,
      "lowStress": 0.985638655494606,
      "gestaltCohesion": 0.6397939311514014,
      "blobIntegrity": 1
    },
    "raw": {
      "vis": {
        "ratio": 1,
        "avgGap": 120.175554524062,
        "minGap": 109.8208649393295,
        "invisible": []
      },
      "ovlp": {
        "ratio": 0,
        "maxOverlap": 0,
        "overlapping": []
      },
      "cross": {
        "count": 0,
        "ratio": 0,
        "normalised": 0
      },
      "stress": {
        "stress": 2.6137646999816977,
        "perEdge": 0.028722689010787887
      },
      "prox": {
        "withinAvg": 192.8244835273928,
        "betweenAvg": 535.3171426116103,
        "ratio": 0.3602060688485987,
        "cohesion": 0.6397939311514014
      },
      "integ": {
        "ratio": 1,
        "violations": [],
        "blobRadii": {}
      }
    }
  }
}