{
  "moduleCount": 3,
  "crossEdgeRatio": 0.14285714285714285,
  "edgeVisibility": {
    "ratio": 1,
    "avgGap": 119.26866601553915,
    "minGap": 115.8859005181589,
    "invisible": []
  },
  "nodeOverlap": {
    "ratio": 0,
    "maxOverlap": 0,
    "overlapping": []
  },
  "edgeCrossings": {
    "count": 0,
    "ratio": 0,
    "normalised": 0
  },
  "layoutStress": {
    "stress": 3.7410755467367838,
    "perEdge": 0.0356292909213027
  },
  "hubCentrality": {
    "hubs": [],
    "avgNormalised": 0
  },
  "chainLinearity": {
    "ratio": 2.0609898954604153,
    "straightness": 0.3076923076923077,
    "chains": [
      {
        "ratio": 2.0609898954604153,
        "major": 1011.6024111990805,
        "minor": 490.83327066632387,
        "stepAngles": [
          8.256394970553652,
          14.67441629302258,
          31.590231790072625,
          57.229669434475156,
          35.01496053787246,
          4.774471391209106,
          30.824484107678884,
          52.291738917005105,
          5.433505225107127,
          38.54561166370624,
          41.68045128632906,
          30.407415309883607,
          30.204910065274706
        ],
        "straightness": 0.3076923076923077
      }
    ]
  },
  "blobIntegrity": {
    "ratio": 0.8666666666666667,
    "violations": [
      {
        "id": "b0",
        "group": "B",
        "groupPath": [
          "B"
        ],
        "val": 6,
        "x": 221.38525613327377,
        "y": 412.2473352914729,
        "vx": 9.413812558477652e-7,
        "vy": 0.0000022773067320325617,
        "index": 2
      },
      {
        "id": "c0",
        "group": "C",
        "groupPath": [
          "C"
        ],
        "val": 6,
        "x": 13.279199165206842,
        "y": 41.01677716580808,
        "vx": -0.000001365478561258096,
        "vy": 5.243967862064584e-7,
        "index": 7
      }
    ],
    "blobRadii": {}
  },
  "blobSeparation": {
    "minClearance": 89.24962036751549,
    "avgClearance": 181.71636559287379,
    "separationRatio": 0.3400305625950282,
    "overlapping": []
  },
  "gestaltProximity": {
    "withinAvg": 292.303400289056,
    "betweenAvg": 656.0827450540852,
    "ratio": 0.44552825461818774,
    "cohesion": 0.5544717453818122
  },
  "angularResolution": {
    "minAngle": 122.77033056552484,
    "avgMinAngle": 150.69782607752379,
    "poorNodes": []
  },
  "edgeLengthUniformity": {
    "mean": 131.26866601553917,
    "stddev": 1.5871912152992596,
    "cv": 0.012091165877402707,
    "min": 127.8859005181589,
    "max": 133.3415696541971
  },
  "crossModuleEdgeVisibility": {
    "ratio": 1,
    "count": 2,
    "visible": 2
  },
  "nodeSizeVariation": {
    "cv": 0,
    "mean": 6,
    "stddev": 0,
    "min": 6,
    "max": 6
  },
  "prominentNodeVisibility": {
    "ratio": 1,
    "topN": [
      {
        "id": "a0",
        "group": "A",
        "groupPath": [
          "A"
        ],
        "val": 6,
        "x": 432.2312602145385,
        "y": 260.950716388623,
        "vx": 0.0000012081969587289863,
        "vy": 0.0000025976221427150233,
        "index": 0
      },
      {
        "id": "a1",
        "group": "A",
        "groupPath": [
          "A"
        ],
        "val": 6,
        "x": 333.44877033234627,
        "y": 343.3594243961801,
        "vx": 0.0000012089123965454694,
        "vy": 0.0000025681008821382396,
        "index": 1
      },
      {
        "id": "b0",
        "group": "B",
        "groupPath": [
          "B"
        ],
        "val": 6,
        "x": 221.38525613327377,
        "y": 412.2473352914729,
        "vx": 9.413812558477652e-7,
        "vy": 0.0000022773067320325617,
        "index": 2
      },
      {
        "id": "b1",
        "group": "B",
        "groupPath": [
          "B"
        ],
        "val": 6,
        "x": 93.80598103081466,
        "y": 451.02236285014976,
        "vx": 7.727896124135814e-7,
        "vy": 0.0000016412213597186538,
        "index": 3
      },
      {
        "id": "b2",
        "group": "B",
        "groupPath": [
          "B"
        ],
        "val": 6,
        "x": -33.993887403079476,
        "y": 417.53119302180403,
        "vx": 8.395766189932542e-7,
        "vy": 0.0000010621161944728157,
        "index": 4
      }
    ],
    "obscured": []
  },
  "qualityScore": {
    "score": 93.9,
    "components": {
      "edgeVisibility": 1,
      "noOverlap": 1,
      "fewCrossings": 1,
      "lowStress": 0.9821853545393486,
      "gestaltCohesion": 0.5544717453818122,
      "blobIntegrity": 0.8666666666666667
    },
    "raw": {
      "vis": {
        "ratio": 1,
        "avgGap": 119.26866601553915,
        "minGap": 115.8859005181589,
        "invisible": []
      },
      "ovlp": {
        "ratio": 0,
        "maxOverlap": 0,
        "overlapping": []
      },
      "cross": {
        "count": 0,
        "ratio": 0,
        "normalised": 0
      },
      "stress": {
        "stress": 3.7410755467367838,
        "perEdge": 0.0356292909213027
      },
      "prox": {
        "withinAvg": 292.303400289056,
        "betweenAvg": 656.0827450540852,
        "ratio": 0.44552825461818774,
        "cohesion": 0.5544717453818122
      },
      "integ": {
        "ratio": 0.8666666666666667,
        "violations": [
          {
            "id": "b0",
            "group": "B",
            "groupPath": [
              "B"
            ],
            "val": 6,
            "x": 221.38525613327377,
            "y": 412.2473352914729,
            "vx": 9.413812558477652e-7,
            "vy": 0.0000022773067320325617,
            "index": 2
          },
          {
            "id": "c0",
            "group": "C",
            "groupPath": [
              "C"
            ],
            "val": 6,
            "x": 13.279199165206842,
            "y": 41.01677716580808,
            "vx": -0.000001365478561258096,
            "vy": 5.243967862064584e-7,
            "index": 7
          }
        ],
        "blobRadii": {}
      }
    }
  }
}