{
  "moduleCount": 2,
  "crossEdgeRatio": 0.2,
  "edgeVisibility": {
    "ratio": 1,
    "avgGap": 119.52684763294437,
    "minGap": 106.60429591370115,
    "invisible": []
  },
  "nodeOverlap": {
    "ratio": 0,
    "maxOverlap": 0,
    "overlapping": []
  },
  "edgeCrossings": {
    "count": 1,
    "ratio": 0.022222222222222223,
    "normalised": 0.1
  },
  "layoutStress": {
    "stress": 3.855411976814887,
    "perEdge": 0.08567582170699749
  },
  "hubCentrality": {
    "hubs": [
      {
        "nodeId": "a2",
        "error": 34.6777129991519,
        "normalised": 0.2545769996428297
      },
      {
        "nodeId": "b2",
        "error": 37.63640628604909,
        "normalised": 0.2854217068684055
      }
    ],
    "avgNormalised": 0.26999935325561764
  },
  "chainLinearity": {
    "ratio": 1,
    "straightness": 1,
    "chains": []
  },
  "blobIntegrity": {
    "ratio": 1,
    "violations": [],
    "blobRadii": {}
  },
  "blobSeparation": {
    "minClearance": -95.03173237884818,
    "avgClearance": -95.03173237884818,
    "separationRatio": -0.24738516049190928,
    "overlapping": [
      [
        "A",
        "B"
      ]
    ]
  },
  "gestaltProximity": {
    "withinAvg": 189.2663131225383,
    "betweenAvg": 312.577538720761,
    "ratio": 0.6055019624798378,
    "cohesion": 0.3944980375201622
  },
  "angularResolution": {
    "minAngle": 31.436090391453458,
    "avgMinAngle": 101.32193754149613,
    "poorNodes": []
  },
  "edgeLengthUniformity": {
    "mean": 131.52684763294437,
    "stddev": 6.400124250687393,
    "cv": 0.04866021170482545,
    "min": 118.60429591370115,
    "max": 143.48141924294174
  },
  "crossModuleEdgeVisibility": {
    "ratio": 1,
    "count": 2,
    "visible": 2
  },
  "nodeSizeVariation": {
    "cv": 0,
    "mean": 6,
    "stddev": 0,
    "min": 6,
    "max": 6
  },
  "prominentNodeVisibility": {
    "ratio": 1,
    "topN": [
      {
        "id": "a0",
        "group": "A",
        "groupPath": [
          "A"
        ],
        "val": 6,
        "x": 296.1301969787999,
        "y": 105.5325574880675,
        "vx": -3.1368331994987186e-7,
        "vy": 0.0000016997012054900164,
        "index": 0
      },
      {
        "id": "a1",
        "group": "A",
        "groupPath": [
          "A"
        ],
        "val": 6,
        "x": 165.485950932407,
        "y": 101.484179970695,
        "vx": -2.745902821722011e-7,
        "vy": 7.777594430651258e-7,
        "index": 1
      },
      {
        "id": "a2",
        "group": "A",
        "groupPath": [
          "A"
        ],
        "val": 6,
        "x": 46.45072203386451,
        "y": 38.56006776057851,
        "vx": -1.1586503069527239e-8,
        "vy": 1.8722936189813783e-7,
        "index": 2
      },
      {
        "id": "a3",
        "group": "A",
        "groupPath": [
          "A"
        ],
        "val": 6,
        "x": 152.0387883477687,
        "y": -38.17488215407884,
        "vx": -4.4313240212616323e-7,
        "vy": -3.889583763410685e-7,
        "index": 3
      },
      {
        "id": "a4",
        "group": "A",
        "groupPath": [
          "A"
        ],
        "val": 6,
        "x": 57.23318380436769,
        "y": -118.85866969298894,
        "vx": -4.754407115227342e-7,
        "vy": -3.5298195840172966e-7,
        "index": 4
      }
    ],
    "obscured": []
  },
  "qualityScore": {
    "score": 91.6,
    "components": {
      "edgeVisibility": 1,
      "noOverlap": 1,
      "fewCrossings": 0.9,
      "lowStress": 0.9571620891465012,
      "gestaltCohesion": 0.3944980375201622,
      "blobIntegrity": 1
    },
    "raw": {
      "vis": {
        "ratio": 1,
        "avgGap": 119.52684763294437,
        "minGap": 106.60429591370115,
        "invisible": []
      },
      "ovlp": {
        "ratio": 0,
        "maxOverlap": 0,
        "overlapping": []
      },
      "cross": {
        "count": 1,
        "ratio": 0.022222222222222223,
        "normalised": 0.1
      },
      "stress": {
        "stress": 3.855411976814887,
        "perEdge": 0.08567582170699749
      },
      "prox": {
        "withinAvg": 189.2663131225383,
        "betweenAvg": 312.577538720761,
        "ratio": 0.6055019624798378,
        "cohesion": 0.3944980375201622
      },
      "integ": {
        "ratio": 1,
        "violations": [],
        "blobRadii": {}
      }
    }
  }
}